frame_id,stem,product,object_id,area,aspect_ratio,number_of_grapes,ths1,ths2,ths3,ths4,rg1,rg2,rg3,rg4,ratio_upper_lower,ratio_left_right,mean_grape_area,mean_grape_ratio,percentage_bunch_area,compactness
122,1,18,14,10296,1.986,8,0,0,0,0,0,0,0,100,0.33,0.14,252.0,1.07,0.07,0.08
122,1,18,11,10296,1.986,10,20,0,0,0,0,0,0,80,0.25,0.43,176.8,0.94,0.08,0.07
122,1,18,10,10296,1.99,0,0,0,0,0,0,0,0,0,0.0,0.0,0.0,0.0,0.0,0.0
122,1,18,9,10296,1.99,0,0,0,0,0,0,0,0,0,0.0,0.0,0.0,0.0,0.0,0.0
122,1,18,3,10296,1.986,11,0,0,0,0,0,0,0,100,0.57,0.57,175.18,1.0,0.09,0.07
122,1,18,26,10998,1.808,15,0,0,0,0,0,0,0,100,2.0,0.88,165.07,0.95,0.13,0.06
122,1,18,48,10050,1.787,11,0,0,0,0,0,0,0,100,0.83,1.2,112.91,1.01,0.12,0.08
122,1,18,13,17490,1.557,10,0,0,0,0,0,0,0,100,1.0,0.25,154.1,0.95,0.1,0.08
122,1,18,15,17098,1.612,9,0,0,0,0,0,0,0,100,0.12,2.0,144.89,0.97,0.09,0.07
122,1,18,12,10920,1.795,21,0,0,38,0,0,0,0,61,0.91,1.62,218.95,1.01,0.15,0.06
122,1,18,32,12312,1.877,18,5,50,11,16,0,0,0,16,1.25,0.64,118.06,1.07,0.15,0.07
122,1,18,49,12900,1.744,32,25,53,9,0,0,0,0,12,1.29,0.6,405.12,1.01,0.14,0.05
122,1,18,58,14444,1.707,13,0,38,15,0,0,0,0,46,1.17,1.6,159.38,1.02,0.12,0.07
122,1,18,55,16245,1.8,26,3,34,15,26,0,0,0,19,1.36,1.0,161.54,1.0,0.19,0.06
122,1,18,56,16435,1.821,14,0,7,0,78,0,0,0,14,1.0,0.56,165.79,1.06,0.12,0.07
122,1,18,66,14976,1.625,26,0,7,3,0,0,0,0,88,1.6,0.86,440.62,1.02,0.16,0.06
122,1,18,60,6432,1.433,16,0,6,25,25,0,0,0,43,1.29,1.29,245.31,1.03,0.12,0.07
122,1,18,61,7081,1.329,18,0,16,16,5,0,0,0,61,1.0,0.8,249.83,1.04,0.11,0.06
139,2,4,106,12180,1.726,23,0,0,0,8,0,0,0,91,2.29,1.09,242.87,1.16,0.15,0.06
139,2,4,98,12150,2.16,24,0,0,0,0,0,0,0,100,1.0,0.85,268.67,1.11,0.16,0.05
139,2,4,103,13416,2.205,32,0,0,0,9,0,0,0,90,1.91,0.78,284.72,1.1,0.16,0.05
139,2,4,101,10736,1.386,35,0,2,5,0,0,0,0,91,1.5,1.06,266.6,1.15,0.21,0.05
229,3,16,112,14725,1.632,31,0,0,6,12,0,0,0,80,1.82,1.82,251.84,1.07,0.16,0.05
229,3,16,123,14800,1.48,43,0,2,13,2,0,0,0,81,1.15,0.79,288.23,1.05,0.2,0.05
229,3,16,114,18564,1.784,29,0,3,3,0,0,0,3,89,0.93,1.07,263.62,1.07,0.14,0.05
229,3,16,113,23985,1.585,11,0,0,0,0,0,0,0,100,0.83,0.57,230.27,1.01,0.11,0.07
229,3,16,121,12284,1.783,21,0,0,4,0,0,0,0,95,1.1,1.33,268.67,0.95,0.17,0.07
229,3,16,130,12008,1.924,13,7,0,0,0,0,0,0,92,1.17,1.6,181.46,1.06,0.11,0.06
229,3,16,119,5251,1.508,20,0,0,0,0,0,0,0,100,2.33,1.0,254.95,1.05,0.11,0.05
229,3,16,127,16704,2.207,24,12,0,0,0,0,0,4,83,0.85,0.85,370.29,1.16,0.18,0.06
229,3,16,115,18618,1.626,13,0,0,7,7,0,0,0,84,1.17,0.62,198.77,1.07,0.15,0.08
229,3,16,132,19503,1.99,11,0,0,0,0,0,0,0,100,0.83,0.38,248.09,1.05,0.11,0.07
229,3,16,154,10721,2.127,35,0,0,0,0,0,0,0,100,1.33,0.94,626.14,1.05,0.21,0.05
229,3,16,159,38216,2.066,13,0,0,0,0,0,0,0,100,1.6,0.86,308.77,1.09,0.12,0.06
229,3,16,150,44080,2.097,23,0,8,4,4,0,0,0,82,1.88,1.09,387.48,1.06,0.2,0.06
229,3,16,183,17596,1.566,16,18,12,0,0,0,0,0,68,2.2,1.0,349.62,1.14,0.12,0.06
229,3,16,187,15675,1.737,18,0,11,5,0,0,0,0,83,2.0,1.25,593.83,1.1,0.18,0.07
231,4,2,189,33460,1.707,7,28,28,0,0,0,0,0,42,2.5,0.75,661.71,1.38,0.08,0.1
231,4,2,190,24570,1.548,4,0,0,0,0,0,0,0,100,3.0,0.33,358.75,1.2,0.05,0.17
305,5,32,196,22815,1.667,5,0,0,0,0,0,0,0,100,inf,0.67,412.4,1.22,0.04,0.06
305,5,32,188,31152,1.788,9,11,0,0,0,0,0,0,88,3.5,1.25,327.78,1.27,0.08,0.07
305,5,32,197,17544,1.686,15,13,0,0,0,0,0,0,86,2.75,1.5,387.8,1.14,0.12,0.07
305,5,32,199,8249,1.548,20,35,5,5,0,0,0,0,55,2.33,1.0,255.2,1.16,0.17,0.07
305,5,32,202,22686,1.746,23,0,13,0,0,0,0,0,86,0.92,1.09,496.17,1.13,0.16,0.06
305,5,32,209,21340,1.764,18,5,0,0,0,0,0,0,94,0.64,0.8,346.22,1.07,0.15,0.07
305,5,32,206,27993,1.682,11,27,0,0,0,0,0,0,72,1.2,0.22,443.55,1.27,0.11,0.08
305,5,32,215,24924,1.621,9,0,0,11,0,0,0,0,88,2.0,1.25,110.78,1.17,0.08,0.07
305,5,32,208,9477,1.444,29,6,6,3,0,0,0,0,82,0.71,1.23,344.24,1.12,0.17,0.06
305,5,32,213,27405,1.504,18,5,0,0,0,0,0,0,94,1.57,1.57,220.06,1.03,0.11,0.06
305,5,32,221,21414,1.287,32,0,9,3,0,0,0,0,87,0.88,1.0,222.22,1.1,0.14,0.04
305,5,32,204,23436,1.524,42,7,0,7,2,0,0,2,80,1.1,1.1,236.29,1.15,0.16,0.04
305,5,32,212,20001,1.566,30,3,16,3,0,0,0,0,76,1.14,0.88,355.6,1.11,0.16,0.05
305,5,32,230,27348,1.643,10,10,40,20,0,0,0,0,30,1.5,1.0,246.1,1.12,0.1,0.08
305,5,32,216,18334,1.728,19,15,42,5,0,0,0,0,36,2.17,1.71,513.05,1.16,0.14,0.06
305,5,32,228,20610,2.544,8,12,0,12,0,0,0,0,75,0.6,1.0,351.62,1.19,0.06,0.07
305,5,32,240,19200,2.083,28,0,57,17,0,0,3,0,21,1.0,0.65,485.64,1.23,0.17,0.05
305,5,32,231,17176,1.345,18,0,5,5,5,0,0,0,83,1.25,2.0,384.61,1.18,0.16,0.07
305,5,32,246,16128,1.286,47,0,42,8,0,0,0,2,46,2.62,1.24,367.38,1.29,0.2,0.04
305,5,32,226,6262,1.629,36,0,19,25,0,0,0,0,55,1.12,0.71,353.22,1.29,0.2,0.05
305,5,32,245,6993,1.762,25,0,12,12,0,0,0,0,76,1.5,0.79,257.28,1.23,0.16,0.06
305,5,32,239,7728,1.623,15,6,0,13,0,0,0,0,80,2.75,1.14,274.4,1.13,0.11,0.06
305,5,32,249,11088,2.139,22,0,4,0,0,0,0,4,90,1.75,1.2,266.27,1.16,0.12,0.05
305,5,32,261,7215,1.708,21,0,4,4,0,0,0,0,90,1.33,1.1,169.05,1.24,0.18,0.06
305,5,32,244,8576,1.91,13,0,7,0,0,0,0,0,92,1.6,0.62,214.62,1.2,0.11,0.07
305,5,32,255,8500,1.838,21,4,14,33,0,0,0,0,47,2.0,0.62,147.57,1.2,0.12,0.06
305,5,32,257,8820,1.8,23,0,26,13,0,0,0,4,56,3.6,0.92,176.43,1.27,0.12,0.05
305,5,32,258,25300,1.913,15,0,0,0,0,0,0,13,86,4.0,1.14,226.67,1.27,0.11,0.06
305,5,32,266,9180,1.985,11,0,0,0,0,0,0,0,100,0.57,1.2,440.0,1.19,0.11,0.09
305,5,32,272,10008,1.931,26,3,0,0,0,0,0,3,92,2.25,1.0,359.04,1.19,0.12,0.05
388,7,24,298,7280,2.321,17,5,0,17,0,0,0,5,70,4.67,0.42,236.06,1.08,0.08,0.05
388,7,24,300,19170,2.367,22,22,13,4,0,0,0,0,59,1.44,1.0,608.86,1.23,0.13,0.06
388,7,24,317,15438,2.241,19,15,63,0,0,0,0,0,21,1.71,0.9,473.26,1.13,0.17,0.07
388,7,24,303,5022,1.306,33,27,3,3,0,0,0,0,66,0.94,0.83,423.03,1.18,0.17,0.05
388,7,24,299,4928,1.203,19,0,0,0,5,0,0,0,94,2.8,1.11,389.37,1.22,0.1,0.06
388,7,24,305,4940,1.169,31,6,3,0,6,0,0,0,83,1.82,1.21,326.26,1.12,0.15,0.05
388,7,24,294,4818,1.106,17,0,0,0,41,0,0,11,47,3.25,0.7,124.59,1.27,0.15,0.06
388,7,24,315,4940,1.169,14,0,0,0,0,0,0,7,92,1.0,0.56,507.14,1.11,0.13,0.07
388,7,24,310,5940,2.037,28,0,3,28,0,0,3,0,64,1.55,0.75,200.36,1.15,0.15,0.05
388,7,24,328,5313,1.116,23,8,17,8,0,0,0,0,65,2.29,0.92,274.17,1.11,0.17,0.06
388,7,24,326,10725,1.907,44,0,4,11,0,0,0,2,81,1.2,1.2,294.64,1.0,0.15,0.04
388,7,24,318,14608,1.886,10,0,0,10,0,0,0,20,70,1.5,1.5,245.8,0.99,0.09,0.07
388,7,24,321,8976,1.941,14,0,0,0,14,0,0,0,85,1.33,1.33,220.36,1.08,0.1,0.06
388,7,24,325,8643,1.925,20,0,0,0,0,0,0,5,95,1.22,1.5,231.1,1.11,0.14,0.05
388,7,24,329,8775,2.077,36,0,27,11,5,0,0,2,52,1.77,1.77,207.86,1.13,0.16,0.05
388,7,24,342,8260,1.686,40,2,12,27,2,0,0,0,55,1.35,0.74,157.72,1.2,0.15,0.04
388,7,24,350,25812,2.213,33,0,0,18,0,0,0,0,81,1.2,0.94,384.52,1.2,0.13,0.04
388,7,24,355,8890,1.814,37,0,0,0,0,0,0,2,97,0.68,0.85,329.97,1.04,0.16,0.05
388,7,24,357,9500,1.645,22,0,0,0,4,0,0,0,95,2.14,1.44,333.45,1.1,0.17,0.06
388,7,24,369,13468,1.626,39,0,7,5,35,0,0,0,51,1.29,1.05,273.15,1.08,0.24,0.05
388,7,24,364,10375,1.506,25,0,0,12,48,0,0,0,40,1.08,1.5,325.48,1.1,0.21,0.06
388,7,24,359,9196,1.592,30,0,40,20,26,0,0,0,13,1.0,0.67,400.27,1.04,0.19,0.06
477,8,37,360,15035,1.598,27,0,0,0,7,0,0,0,92,2.0,1.08,219.37,1.13,0.16,0.06
477,8,37,379,24743,2.083,18,0,0,11,22,0,0,0,66,2.0,0.8,343.39,1.1,0.16,0.06
477,8,37,376,12118,1.759,42,0,0,40,16,0,0,0,42,1.21,0.91,403.74,1.22,0.18,0.05
477,8,37,383,15552,1.688,21,4,0,0,0,0,0,0,95,1.33,0.91,323.62,1.13,0.16,0.06
477,8,37,365,14362,1.942,16,0,0,0,0,0,0,6,93,1.29,0.78,272.0,1.14,0.11,0.06
477,8,37,374,28274,1.575,19,0,0,0,10,0,0,0,89,0.58,0.9,248.05,1.18,0.14,0.06
477,8,37,381,24050,1.423,24,0,0,0,8,0,0,0,91,1.0,0.71,294.54,1.22,0.18,0.07
477,8,37,396,19380,2.147,17,0,5,5,5,0,0,0,82,0.89,0.89,478.35,1.2,0.17,0.08
477,8,37,387,20394,2.081,22,0,0,0,31,0,0,0,68,1.2,1.0,378.0,1.29,0.12,0.05
477,8,37,397,19855,2.2,56,0,0,7,17,0,0,0,75,1.95,0.87,268.32,1.14,0.16,0.03
477,8,37,395,29637,2.405,12,0,8,0,8,0,0,0,83,1.0,1.4,307.5,1.03,0.15,0.09
477,8,37,408,8036,1.195,15,0,0,0,6,0,0,0,93,2.0,0.88,268.33,1.04,0.14,0.07
477,8,37,394,18084,1.038,39,0,0,0,2,0,0,0,97,1.05,1.05,418.15,1.05,0.19,0.05
477,8,37,399,22600,1.77,26,0,0,0,0,0,0,0,100,1.0,1.17,200.46,1.07,0.2,0.06
477,8,37,404,18250,1.168,33,0,0,0,0,0,0,0,100,1.54,0.74,441.7,1.14,0.19,0.06
477,8,37,407,19224,2.427,38,5,0,0,5,0,0,0,89,1.11,1.0,490.45,1.08,0.22,0.05
477,8,37,424,27798,2.177,17,0,0,0,0,0,0,0,100,1.43,0.89,231.59,1.11,0.11,0.06
477,8,37,410,27474,2.114,20,0,0,0,0,0,0,0,100,1.5,1.0,272.55,1.17,0.15,0.06
477,8,37,421,25651,2.009,37,0,10,13,0,0,0,0,75,1.06,0.85,519.08,1.19,0.21,0.05
477,8,37,416,30303,2.459,32,3,12,6,0,0,0,0,78,1.91,1.13,460.97,1.15,0.14,0.04
477,8,37,414,14280,2.024,22,0,4,9,4,0,0,0,81,2.67,0.83,351.86,1.01,0.12,0.05
477,8,37,420,15030,1.856,21,0,0,9,9,0,0,0,80,3.2,1.1,313.81,1.11,0.1,0.05
477,8,37,422,11160,1.378,38,0,2,2,0,0,0,0,94,1.0,0.81,388.76,1.16,0.17,0.05
477,8,37,439,21492,1.843,47,0,4,0,23,0,0,2,70,2.36,1.04,235.81,1.24,0.22,0.04
477,8,37,426,29799,1.791,19,0,0,0,5,0,0,0,94,1.71,1.71,242.63,1.21,0.13,0.06
477,8,37,442,28750,1.84,44,0,0,9,2,0,0,0,88,1.1,1.44,564.52,1.18,0.19,0.05
477,8,37,425,18720,2.031,24,0,4,4,12,0,0,4,75,1.18,1.18,286.62,1.14,0.2,0.07
477,8,37,435,13024,2.378,28,0,0,0,3,0,0,3,92,1.15,0.75,281.21,1.22,0.14,0.05
477,8,37,457,17370,2.144,21,0,0,19,0,0,0,0,80,1.1,1.33,312.9,1.09,0.16,0.06
477,8,37,440,17940,2.12,35,0,5,17,0,0,0,0,77,1.5,0.94,277.94,1.07,0.12,0.04
477,8,37,446,12963,1.713,17,11,0,0,0,0,0,0,88,1.83,0.7,341.41,1.15,0.11,0.06
477,8,37,448,24072,2.314,7,0,42,0,0,0,0,0,57,2.5,0.0,224.43,1.45,0.07,0.06
477,8,37,450,23900,2.39,14,14,7,0,0,0,7,0,71,2.5,0.75,250.0,1.15,0.13,0.07
477,8,37,452,13585,1.505,10,40,10,0,0,0,0,0,50,1.0,0.43,306.4,1.19,0.06,0.05
477,8,37,460,12665,1.753,4,0,25,0,0,0,0,0,75,0.33,1.0,521.5,1.27,0.05,0.14
550,9,21,471,11060,1.772,7,85,14,0,0,0,0,0,0,0.17,0.17,483.86,1.17,0.07,0.1
550,9,21,470,13167,2.221,16,0,0,0,0,0,0,0,100,1.29,1.0,270.0,1.29,0.12,0.06
550,9,21,472,11778,1.936,6,0,0,0,0,0,0,0,100,5.0,0.5,275.0,1.24,0.05,0.09
550,9,21,476,11040,2.319,11,0,0,0,0,0,0,0,100,1.2,0.38,451.82,1.14,0.11,0.07
550,9,21,489,11736,2.264,12,0,0,0,0,0,0,0,100,0.71,1.0,276.17,1.02,0.1,0.07
550,9,21,475,12765,2.681,6,0,0,0,0,0,0,0,100,5.0,0.5,344.83,0.91,0.07,0.09
550,9,21,480,9636,1.808,18,0,5,0,5,0,0,11,77,0.64,1.0,312.67,1.06,0.14,0.06
550,9,21,493,9360,1.806,28,3,35,7,0,0,0,0,53,2.11,2.11,255.04,1.15,0.16,0.05
550,9,21,481,5600,1.786,20,5,40,20,0,0,0,0,35,1.5,1.22,171.25,1.08,0.17,0.06
550,9,21,482,22127,1.862,20,5,30,20,5,0,0,0,40,1.5,0.67,402.9,1.36,0.16,0.06
550,9,21,506,12150,1.852,12,0,0,0,0,0,0,0,100,1.4,2.0,336.25,1.01,0.12,0.07
550,9,21,504,21004,1.508,10,0,0,0,0,0,0,0,100,9.0,0.67,210.6,1.24,0.09,0.07
550,9,21,505,22806,1.437,45,2,6,15,0,0,0,0,75,0.88,0.96,314.64,1.14,0.19,0.05
550,9,21,513,8024,1.735,16,6,18,6,31,0,0,0,37,1.67,1.67,202.5,1.23,0.14,0.06
550,9,21,507,7062,1.621,22,0,31,31,0,0,0,0,36,1.44,1.0,223.91,1.31,0.18,0.07
550,9,21,510,7038,1.478,25,0,0,16,4,0,0,0,80,1.08,1.08,213.88,1.23,0.14,0.05
550,9,21,508,8056,1.395,20,0,0,10,0,0,0,5,85,1.86,1.22,287.1,1.23,0.15,0.06
550,9,21,511,8064,1.556,39,0,84,7,0,0,0,0,7,1.79,1.29,360.82,1.2,0.23,0.05
550,9,21,530,15576,2.011,18,0,11,5,5,0,5,0,72,5.0,1.0,321.72,1.07,0.14,0.07
550,9,21,534,9940,2.029,18,0,11,16,16,0,0,0,55,2.0,2.0,234.39,1.2,0.12,0.06
550,9,21,527,13485,1.782,20,0,0,5,15,0,0,0,80,0.67,1.22,241.35,1.19,0.15,0.06
636,10,30,525,22230,1.624,17,0,0,5,5,0,0,5,82,1.83,0.7,271.65,1.24,0.13,0.06
636,10,30,554,13509,2.165,24,45,54,0,0,0,0,0,0,0.6,1.18,656.12,1.23,0.16,0.06
636,10,30,553,38880,1.875,1,0,100,0,0,0,0,0,0,inf,0.0,408.0,1.41,0.01,0.0
636,10,30,549,16766,1.644,59,3,69,10,0,0,0,1,15,1.46,0.74,263.02,1.25,0.24,0.04
636,10,30,560,14500,1.45,24,33,25,4,0,0,0,0,37,1.18,0.71,183.79,1.1,0.1,0.05
636,10,30,567,17402,1.363,16,6,81,0,0,0,0,0,12,1.29,1.0,389.06,1.13,0.14,0.07
636,10,30,579,18905,2.095,7,0,28,0,14,0,0,0,57,0.75,1.33,269.71,1.13,0.07,0.08
636,10,30,565,20805,2.305,27,0,7,0,3,0,0,0,88,4.4,1.45,290.93,1.16,0.11,0.05
636,10,30,577,9750,1.603,8,0,0,0,0,0,0,12,87,1.0,0.33,332.0,1.21,0.09,0.06
636,10,30,588,18905,2.095,7,0,0,0,0,0,0,0,100,inf,0.4,245.29,1.13,0.07,0.08
636,10,30,589,12555,1.914,6,0,0,16,0,0,0,0,83,2.0,0.5,235.5,1.05,0.08,0.09
636,10,30,581,11781,1.987,28,0,0,0,0,0,0,3,96,4.6,1.33,285.46,1.15,0.14,0.05
636,10,30,586,9940,1.972,33,0,18,30,0,0,0,0,51,1.54,0.94,303.42,1.09,0.17,0.05
636,10,30,592,6811,2.837,41,12,21,9,4,0,2,4,43,2.42,1.41,229.29,1.12,0.16,0.04
636,10,30,590,12155,1.682,25,0,0,0,8,0,0,0,92,1.27,0.67,269.12,1.16,0.14,0.05
636,10,30,596,15624,1.806,14,0,0,7,0,0,0,0,92,1.0,1.33,337.5,1.19,0.13,0.07
636,10,30,605,16150,1.789,20,5,50,10,0,0,0,0,35,1.5,1.0,435.05,1.17,0.15,0.06
636,10,30,607,17654,1.876,30,0,20,16,3,0,0,0,60,2.0,0.88,313.17,1.07,0.18,0.05
636,10,30,603,23520,1.875,16,0,0,6,0,0,0,6,87,1.67,1.0,385.0,1.09,0.11,0.06
636,10,30,620,23142,1.781,26,0,30,23,3,0,0,0,42,4.2,1.6,456.27,1.26,0.17,0.05
636,10,30,617,14210,1.48,30,3,3,6,16,0,0,6,63,2.0,1.0,347.97,1.3,0.21,0.06
636,10,30,626,37209,1.51,34,0,0,14,2,0,0,0,82,2.78,1.0,306.18,1.17,0.18,0.05
636,10,30,627,22512,1.795,31,3,0,0,6,0,0,0,90,1.21,1.58,338.1,1.07,0.2,0.06
636,10,30,632,25584,1.691,11,27,18,0,0,0,0,0,54,1.75,0.83,569.27,1.27,0.11,0.08
712,11,25,635,27604,1.537,19,0,15,5,0,0,0,0,78,2.17,0.73,292.95,1.17,0.16,0.07
712,11,25,641,29260,1.654,20,5,0,5,0,0,0,0,90,1.0,0.82,600.35,1.15,0.14,0.06
712,11,25,649,15228,1.723,10,10,10,0,0,0,0,0,80,1.0,1.5,586.1,1.18,0.13,0.1
712,11,25,652,29355,2.767,29,3,44,10,3,0,0,0,37,1.42,0.81,368.52,1.11,0.22,0.07
712,11,25,658,15916,1.88,24,4,62,8,0,0,0,4,20,1.18,0.85,288.12,1.31,0.21,0.06
712,11,25,670,20273,2.155,16,0,25,6,0,0,0,0,68,7.0,0.6,268.56,1.31,0.1,0.05
712,11,25,661,19080,1.698,23,13,34,8,0,0,0,0,43,1.56,1.09,371.7,1.18,0.16,0.06
712,11,25,680,11169,2.096,19,15,78,5,0,0,0,0,0,2.17,1.38,233.79,1.14,0.12,0.05
712,11,25,683,18025,1.699,15,26,40,13,0,0,0,0,20,0.88,1.5,275.47,1.14,0.18,0.08
712,11,25,699,14065,1.495,9,0,33,11,0,0,0,0,55,8.0,0.29,329.11,1.32,0.07,0.08
712,11,25,697,14043,1.624,8,62,37,0,0,0,0,0,0,0.33,1.67,200.75,1.23,0.1,0.08
712,11,25,694,11316,1.683,6,16,50,0,0,0,0,0,33,inf,1.0,496.83,1.2,0.05,0.08
712,11,25,693,12240,1.511,12,33,66,0,0,0,0,0,0,1.4,0.33,237.08,1.12,0.11,0.07
712,11,25,698,17227,1.505,21,80,14,0,0,0,4,0,0,2.5,0.62,244.19,1.22,0.14,0.06
712,11,25,703,15580,1.726,24,16,79,0,0,0,0,0,4,1.18,0.71,232.12,1.23,0.18,0.06
712,11,25,709,12672,1.375,9,11,0,11,0,0,0,0,77,inf,0.5,411.56,1.14,0.07,0.06
712,11,25,708,26070,2.155,13,38,38,0,0,0,0,0,23,5.5,0.86,302.08,1.3,0.1,0.06
712,11,25,722,26082,1.37,0,0,0,0,0,0,0,0,0,0.0,0.0,0.0,0.0,0.0,0.0
712,11,25,720,24931,2.178,12,83,16,0,0,0,0,0,0,1.4,1.0,338.25,1.09,0.12,0.08
712,11,25,727,14560,1.346,37,5,16,10,0,0,2,2,62,1.85,1.31,368.51,1.12,0.18,0.05
789,12,23,735,25410,1.736,34,0,0,0,2,0,0,0,97,0.42,1.0,521.29,1.05,0.21,0.06
789,12,23,734,22733,1.409,15,0,13,33,0,0,0,0,53,2.75,1.5,303.6,1.19,0.16,0.07
789,12,23,748,28702,1.78,28,0,85,3,0,0,0,0,10,0.87,0.75,343.93,1.22,0.18,0.06
789,12,23,751,18706,2.117,12,33,16,0,0,0,0,8,41,5.0,0.71,404.67,1.22,0.08,0.06
789,12,23,758,28400,2.84,15,0,13,0,6,0,0,0,80,4.0,1.14,655.67,1.19,0.14,0.07
789,12,23,762,29700,2.97,35,0,8,8,0,0,0,0,82,2.18,1.33,416.49,1.12,0.2,0.05
789,12,23,753,22347,1.632,17,11,41,11,0,0,11,0,23,16.0,0.42,209.88,1.12,0.08,0.05
789,12,23,759,24805,1.694,28,0,7,10,3,0,0,0,78,1.15,1.55,423.07,1.09,0.16,0.05
789,12,23,769,17072,1.814,20,0,0,30,0,0,0,0,70,3.0,0.67,458.1,1.24,0.15,0.06
789,12,23,776,21836,2.058,15,0,0,13,0,0,0,0,86,2.75,1.5,577.27,1.3,0.13,0.06
789,12,23,771,36557,1.892,26,0,7,11,0,0,0,0,80,1.6,1.17,612.15,1.24,0.24,0.07
789,12,23,782,24662,1.771,27,0,0,11,22,0,0,0,66,1.7,1.08,677.37,1.29,0.23,0.06
789,12,23,779,44156,1.602,17,0,0,0,0,0,0,0,100,2.4,0.89,657.06,1.23,0.11,0.06
789,12,23,787,19552,1.808,11,0,0,0,9,0,0,0,90,0.83,1.2,475.09,1.1,0.13,0.09
789,12,23,773,35757,1.905,28,3,0,17,10,0,0,0,67,0.47,0.87,349.14,1.28,0.2,0.06
789,12,23,778,35167,1.82,32,0,0,3,0,0,0,0,96,1.29,1.0,520.31,1.22,0.16,0.05
789,12,23,790,13363,1.94,23,0,0,13,0,0,0,0,86,2.29,1.56,273.61,1.2,0.17,0.06
789,12,23,793,12948,2.128,10,0,0,0,0,0,0,0,100,0.67,1.5,394.2,1.04,0.1,0.08
789,12,23,795,12324,1.975,26,0,0,0,0,0,0,0,100,1.6,1.6,285.08,1.09,0.12,0.05
789,12,23,797,16954,1.765,27,0,11,7,0,0,0,0,81,2.38,0.93,623.7,1.24,0.16,0.05
789,12,23,801,14787,1.71,20,0,0,5,5,0,0,0,90,1.5,0.82,351.95,1.22,0.16,0.06
789,12,23,806,14490,1.789,16,0,0,0,0,6,0,0,93,1.67,1.67,249.62,1.21,0.13,0.06
867,13,31,808,21012,1.981,22,4,50,4,0,0,0,0,40,2.14,1.75,322.09,1.06,0.19,0.07
867,13,31,815,22470,1.963,17,0,47,0,0,0,0,0,52,2.4,0.31,504.94,1.33,0.13,0.06
867,13,31,819,12665,1.753,29,10,6,0,0,0,3,3,75,0.93,0.93,259.79,1.17,0.14,0.05
867,13,31,821,13725,2.44,31,0,9,3,0,0,0,0,87,2.1,0.63,454.29,1.21,0.18,0.06
867,13,31,835,16318,2.427,20,0,15,40,35,0,0,0,10,1.0,1.22,241.95,1.26,0.16,0.06
867,13,31,830,8050,1.643,18,5,16,11,11,0,0,0,55,5.0,0.8,258.22,1.13,0.15,0.06
867,13,31,823,10725,2.538,10,10,90,0,0,0,0,0,0,1.0,1.5,538.9,1.23,0.1,0.09
867,13,31,846,12580,1.741,26,0,7,19,3,0,0,0,69,1.6,1.17,184.46,1.11,0.15,0.05
867,13,31,849,20099,1.97,13,0,0,15,0,0,0,0,84,1.6,0.44,737.31,1.15,0.11,0.07
867,13,31,845,15050,2.035,8,0,12,25,0,0,0,0,62,1.67,0.6,280.38,1.05,0.08,0.07
867,13,31,841,31232,1.906,5,0,60,0,0,0,0,0,40,0.25,4.0,398.8,1.14,0.06,0.13
867,13,31,847,26640,1.85,13,0,0,30,38,0,0,0,30,1.17,0.86,273.69,1.21,0.1,0.06
867,13,31,840,25466,1.798,19,10,52,0,0,0,0,0,36,1.11,1.71,465.89,1.28,0.14,0.06
867,13,31,842,11826,1.802,18,5,83,11,0,0,0,0,0,0.5,0.38,151.72,1.32,0.1,0.05
867,13,31,848,11850,1.899,25,28,52,0,0,0,0,0,20,0.79,1.08,577.28,1.22,0.22,0.07
867,13,31,859,24120,1.675,12,0,66,25,0,0,0,0,8,1.0,2.0,190.25,1.13,0.12,0.07
867,13,31,856,11907,1.815,22,4,90,0,0,0,0,4,0,1.0,1.0,301.0,1.26,0.18,0.06
867,13,31,865,15385,2.129,27,0,85,3,0,0,0,0,11,1.45,1.25,252.67,1.22,0.15,0.05
867,13,31,855,20805,2.305,39,5,58,12,2,0,7,2,10,0.95,1.17,175.51,1.12,0.2,0.05
867,13,31,874,16287,2.056,16,0,25,18,0,0,6,6,43,1.0,1.0,169.94,1.1,0.14,0.07
867,13,31,869,19158,2.215,20,0,40,15,5,0,0,5,35,1.22,1.0,229.3,1.15,0.18,0.07
867,13,31,875,15150,1.485,20,0,0,20,0,0,0,0,80,0.82,1.0,309.15,1.11,0.15,0.06
867,13,31,891,12350,1.368,23,0,4,17,43,0,0,8,26,0.44,0.77,252.35,1.18,0.13,0.05
867,13,31,879,9768,1.784,21,0,61,14,4,0,0,0,19,1.33,1.1,281.81,1.14,0.19,0.06
867,13,31,893,9625,1.623,12,0,33,0,66,0,0,0,0,0.5,1.0,118.0,1.08,0.12,0.08
867,13,31,868,15438,1.785,48,2,14,6,47,0,2,4,22,0.78,1.09,253.29,1.15,0.23,0.04
867,13,31,884,14094,1.862,24,4,29,8,8,0,0,0,50,2.0,0.85,231.92,1.04,0.13,0.05
867,13,31,880,10586,1.696,23,0,21,4,17,0,4,0,52,1.3,1.3,257.96,1.2,0.17,0.06
867,13,31,886,13568,1.208,45,0,46,4,6,0,0,0,42,0.96,1.14,316.16,1.15,0.23,0.05
867,13,31,885,15008,1.196,48,0,0,2,62,0,0,0,35,1.0,0.92,160.6,1.23,0.19,0.04
867,13,31,895,16625,1.842,27,0,7,18,3,0,0,0,70,1.25,0.69,218.26,1.15,0.15,0.05
943,14,34,896,11616,1.5,13,0,0,7,7,0,0,0,84,1.6,0.62,284.85,1.31,0.12,0.07
943,14,34,897,12998,1.381,11,0,9,0,18,0,0,0,72,2.67,1.2,342.64,1.38,0.11,0.08
943,14,34,902,6720,1.371,26,0,0,0,7,0,0,0,92,1.36,1.6,520.23,1.34,0.18,0.06
943,14,34,908,6624,1.391,43,0,4,2,13,0,0,0,79,1.39,0.95,514.56,1.26,0.25,0.05
943,14,34,913,9954,1.595,18,0,5,5,11,0,0,0,77,1.57,1.0,143.67,1.15,0.15,0.07
943,14,34,927,11786,1.711,8,0,12,0,0,0,0,0,87,7.0,1.0,240.25,1.16,0.08,0.07
943,14,34,925,11310,1.859,23,0,13,8,17,0,0,0,60,1.88,0.92,385.26,1.18,0.21,0.07
943,14,34,916,12354,1.632,35,5,5,5,22,0,0,0,60,0.84,1.33,192.43,1.21,0.17,0.05
943,14,34,926,12760,1.648,22,0,0,9,9,0,0,0,81,1.75,1.0,284.95,1.06,0.16,0.06
943,14,34,918,12393,1.889,24,0,8,0,41,0,0,0,50,2.0,1.18,253.5,1.17,0.16,0.06
943,14,34,932,12393,1.889,16,0,12,18,12,0,0,0,56,1.29,1.29,283.38,1.15,0.14,0.07
943,14,34,934,15288,1.846,15,0,0,0,0,0,0,0,100,1.14,1.14,231.53,1.09,0.14,0.06
943,14,34,939,12986,1.756,24,4,4,25,0,0,0,0,66,1.18,0.5,283.25,1.16,0.15,0.05
943,14,34,942,12516,1.774,15,0,13,26,20,0,0,0,40,2.0,1.14,303.6,1.21,0.15,0.08
943,14,34,944,15048,1.535,19,5,26,15,15,0,0,0,36,2.8,0.9,325.26,1.36,0.15,0.06
943,14,34,948,14196,1.714,10,0,0,10,0,0,0,0,90,0.67,0.67,278.6,1.17,0.1,0.08
943,14,34,949,17760,1.441,36,0,0,2,30,0,0,0,66,1.57,1.77,336.03,1.37,0.2,0.05
943,14,34,951,19754,1.395,42,0,0,7,9,0,2,0,80,1.1,1.62,412.33,1.2,0.25,0.05
943,14,34,960,17004,1.431,21,0,47,14,19,0,0,0,19,2.5,0.75,292.67,1.25,0.19,0.08
943,14,34,959,26334,1.659,15,0,0,0,80,0,0,0,20,2.0,1.5,252.2,1.09,0.12,0.07
943,14,34,970,7125,1.267,4,25,0,25,0,0,0,0,50,3.0,1.0,424.5,1.07,0.06,0.17
943,14,34,964,8890,1.814,26,7,3,0,7,0,0,0,80,1.0,0.86,561.62,1.23,0.18,0.06
943,14,34,968,10650,1.893,13,0,46,7,7,0,0,0,38,1.17,0.3,235.62,1.06,0.1,0.07
943,14,34,962,11310,1.859,18,0,0,5,50,0,0,0,44,1.25,1.25,163.67,1.06,0.16,0.07
943,14,34,967,8208,1.421,24,0,4,0,29,0,0,4,62,0.5,0.71,176.62,1.25,0.18,0.06
943,14,34,975,9440,1.475,25,0,4,0,12,0,0,0,84,1.27,1.08,198.6,1.15,0.16,0.06
943,14,34,989,9520,1.488,29,0,37,17,6,0,0,3,34,1.23,0.81,458.34,1.16,0.2,0.06
943,14,34,992,10707,1.554,31,3,38,6,3,0,0,0,48,1.07,0.94,741.1,1.24,0.23,0.06
943,14,34,973,10500,1.488,30,3,0,0,6,0,0,3,86,1.14,0.88,159.73,1.15,0.17,0.05
943,14,34,990,9266,1.378,32,0,3,0,15,0,0,0,81,0.88,0.88,477.34,1.15,0.22,0.06
1011,15,25,995,10043,1.458,17,0,17,0,58,0,0,0,23,1.12,0.7,188.18,1.29,0.18,0.08
1011,15,25,1001,11931,1.268,20,0,15,5,20,0,0,0,60,1.22,0.82,161.9,1.14,0.15,0.06
1011,15,25,1014,36608,1.79,1,0,0,0,100,0,0,0,0,0.0,inf,437.0,1.21,0.02,0.0
1011,15,25,1010,13689,2.086,29,0,0,0,41,0,0,0,58,1.42,1.23,287.0,1.3,0.23,0.06
1011,15,25,1011,8968,1.553,30,0,0,0,23,0,0,0,76,1.31,1.14,185.07,1.12,0.14,0.05
1011,15,25,1009,16095,2.126,22,31,40,0,0,0,18,0,9,1.2,1.44,588.64,1.22,0.17,0.07
1011,15,25,1008,14796,1.269,24,0,0,0,0,0,0,0,100,2.0,0.6,236.04,1.31,0.17,0.06
1011,15,25,1017,19701,2.01,6,0,66,16,0,0,0,0,16,0.5,2.0,427.33,1.18,0.07,0.1
1011,15,25,1031,16554,1.914,16,0,0,25,12,0,0,0,62,1.67,0.78,229.56,1.25,0.13,0.06
1011,15,25,1030,20943,1.53,26,0,0,3,0,0,0,0,96,1.89,1.0,363.15,1.16,0.15,0.05
1011,15,25,1026,12750,1.765,28,0,0,0,0,0,0,0,100,0.87,1.15,269.93,1.11,0.17,0.05
1011,15,25,1020,14400,1.778,29,0,44,27,3,0,0,0,24,0.71,1.42,313.31,1.13,0.19,0.06
1011,15,25,1033,15840,1.616,29,0,3,10,41,0,0,0,44,2.22,1.07,276.66,1.15,0.16,0.05
1011,15,25,1053,13674,1.849,36,0,0,11,0,0,0,0,88,1.12,0.8,249.28,1.16,0.19,0.05
1011,15,25,1032,6161,1.656,21,0,0,4,0,0,0,0,95,1.33,0.62,223.29,1.14,0.14,0.06
1011,15,25,1060,15300,1.889,24,4,95,0,0,0,0,0,0,1.67,1.0,480.71,1.2,0.22,0.07
1011,15,25,1061,14595,1.324,8,0,12,12,0,0,0,0,75,0.6,1.0,379.62,1.17,0.1,0.09
1011,15,25,1055,14080,1.818,1,0,100,0,0,0,0,0,0,inf,inf,238.0,1.21,0.01,0.0
1011,15,25,1064,18000,1.8,23,0,17,8,26,0,0,0,47,2.83,0.77,262.52,1.13,0.13,0.05
1011,15,25,1080,18130,1.888,18,0,0,11,50,0,0,0,38,1.57,0.38,416.33,1.31,0.17,0.07
1091,16,35,1071,12792,1.902,34,0,0,14,32,0,0,0,52,1.12,0.89,321.47,1.26,0.18,0.05
1091,16,35,1076,18326,1.908,35,0,5,2,2,0,0,5,82,1.33,0.84,292.6,1.24,0.17,0.05
1091,16,35,1082,12900,2.293,20,0,25,30,5,0,0,0,40,1.5,1.22,407.95,1.08,0.13,0.06
1091,16,35,1094,15570,1.922,4,0,25,0,0,0,0,0,75,3.0,1.0,391.5,1.13,0.05,0.15
1091,16,35,1084,22330,1.845,23,0,4,17,4,0,0,4,69,1.88,0.77,461.87,1.15,0.18,0.06
1091,16,35,1086,19251,2.226,44,0,25,27,2,0,0,0,45,1.0,1.0,215.3,1.13,0.15,0.04
1091,16,35,1090,20736,2.25,36,0,41,27,5,0,0,2,22,1.0,0.8,260.97,1.14,0.22,0.05
1091,16,35,1098,22116,1.702,7,0,0,0,0,0,14,0,85,0.75,0.4,438.43,1.22,0.09,0.1
1091,16,35,1099,22542,2.167,12,0,25,8,0,0,0,0,66,3.0,0.71,496.58,1.18,0.13,0.08
1091,16,35,1110,22660,2.136,1,100,0,0,0,0,0,0,0,inf,inf,500.0,1.25,0.01,0.0
1091,16,35,1109,20467,2.175,5,20,0,20,0,0,0,0,60,0.67,0.67,455.0,1.33,0.03,0.08
1091,16,35,1115,8715,1.265,8,37,62,0,0,0,0,0,0,3.0,1.67,428.25,1.16,0.09,0.08
1091,16,35,1113,7564,2.033,1,100,0,0,0,0,0,0,0,0.0,0.0,500.0,1.25,0.01,0.0
1091,16,35,1122,9625,1.623,5,0,40,40,0,0,0,0,20,0.67,1.5,300.6,1.07,0.05,0.12
1091,16,35,1138,16037,2.57,8,0,50,50,0,0,0,0,0,7.0,0.33,321.12,1.27,0.09,0.07
1091,16,35,1117,14812,1.75,21,0,28,28,0,0,9,0,33,2.0,0.75,281.81,1.16,0.16,0.06
1091,16,35,1129,15600,1.56,27,0,55,25,0,0,0,0,18,0.8,1.7,280.56,1.13,0.2,0.06
1091,16,35,1131,10010,1.688,31,0,61,16,0,0,0,0,22,1.82,0.94,565.23,1.13,0.18,0.05
1091,16,35,1135,14076,1.663,31,9,67,3,0,0,3,0,16,1.21,0.94,537.61,1.15,0.18,0.05
1091,16,35,1132,31590,1.733,25,4,4,8,4,0,0,4,76,1.27,0.79,531.24,1.12,0.17,0.06
1091,16,35,1148,24864,2.018,17,0,94,0,0,0,5,0,0,2.4,1.43,472.53,0.99,0.18,0.08
1091,16,35,1142,34846,2.031,22,0,95,0,0,0,4,0,0,1.0,1.75,571.5,1.15,0.26,0.08
1091,16,35,1154,45504,1.823,30,0,100,0,0,0,0,0,0,1.0,0.76,736.87,1.24,0.21,0.06
1091,16,35,1119,14400,1.44,14,7,7,21,0,0,0,0,64,1.8,0.4,238.21,1.19,0.13,0.07
1091,16,35,1167,11352,1.466,19,0,10,15,36,0,0,0,36,1.71,1.71,230.32,1.26,0.21,0.07
1091,16,35,1169,13160,1.489,19,0,10,5,57,0,0,0,26,8.5,1.11,148.95,1.35,0.14,0.06
1091,16,35,1159,22155,2.01,38,0,18,15,31,0,0,0,34,0.9,0.73,216.03,1.19,0.2,0.05
1091,16,35,1153,23230,1.757,23,0,21,17,13,0,0,0,47,1.88,0.53,338.0,1.14,0.17,0.07
1091,16,35,1179,19278,1.853,11,0,9,9,72,0,0,0,9,2.67,0.57,189.27,1.09,0.11,0.06
1091,16,35,1165,12408,1.602,26,0,19,7,7,0,0,0,65,4.2,1.0,420.88,1.15,0.19,0.06
1091,16,35,1178,12354,1.632,23,0,13,13,4,0,0,0,69,2.83,0.92,317.65,1.25,0.17,0.06
1091,16,35,1170,20651,1.804,20,0,5,40,0,0,0,0,55,1.0,1.0,410.85,1.18,0.2,0.07
1163,17,32,1186,21901,1.496,29,0,10,20,6,0,0,0,62,1.64,1.9,230.66,1.05,0.16,0.05
1163,17,32,1177,23580,1.374,36,0,8,33,11,0,0,0,47,1.25,1.12,317.11,1.23,0.2,0.05
1163,17,32,1181,18270,1.657,23,0,95,0,0,0,0,0,4,1.56,0.92,429.04,1.22,0.18,0.06
1163,17,32,1183,21424,2.019,28,0,0,0,0,0,0,0,100,1.55,0.75,292.96,1.09,0.16,0.05
1163,17,32,1190,21800,1.835,17,35,58,0,0,0,0,0,5,0.89,0.89,353.65,1.08,0.16,0.07
1163,17,32,1182,23443,1.655,22,0,0,4,13,0,0,0,81,3.4,1.2,247.73,1.07,0.14,0.05
1163,17,32,1192,13706,1.73,24,0,0,0,4,0,0,0,95,1.0,0.85,281.21,1.21,0.13,0.06
1163,17,32,1187,14647,1.557,18,0,0,22,0,0,0,0,77,1.57,1.25,208.67,1.21,0.15,0.06
1163,17,32,1196,26196,1.881,2,0,0,0,0,0,0,0,100,inf,1.0,282.0,1.03,0.03,0.11
1163,17,32,1184,14157,1.444,17,0,0,0,5,0,0,0,94,3.25,0.55,244.76,1.17,0.1,0.06
1163,17,32,1193,10880,1.506,9,11,0,0,0,0,0,0,88,0.5,0.29,296.67,1.16,0.09,0.08
1163,17,32,1189,11592,1.643,13,0,0,0,7,0,0,0,92,3.33,0.62,555.85,1.0,0.11,0.07
1163,17,32,1201,39591,1.57,0,0,0,0,0,0,0,0,0,0.0,0.0,0.0,0.0,0.0,0.0
1163,17,32,1207,19024,1.41,0,0,0,0,0,0,0,0,0,0.0,0.0,0.0,0.0,0.0,0.0
1163,17,32,1214,21000,1.344,14,0,42,14,0,0,0,0,42,6.0,0.27,265.14,1.29,0.09,0.06
1163,17,32,1212,23296,1.422,16,0,0,6,0,0,0,0,93,1.67,0.6,519.94,1.2,0.15,0.07
1163,17,32,1213,22880,1.35,0,0,0,0,0,0,0,0,0,0.0,0.0,0.0,0.0,0.0,0.0
1163,17,32,1203,13224,1.018,23,4,73,0,0,0,0,0,21,1.56,1.09,277.09,1.14,0.17,0.06
1163,17,32,1204,24336,1.0,17,0,70,0,0,0,0,0,29,2.4,1.12,425.35,1.27,0.16,0.07
1163,17,32,1225,23617,1.85,15,6,26,0,0,0,0,0,66,1.14,0.5,663.2,1.12,0.14,0.08
1163,17,32,1226,17661,2.333,16,6,43,0,0,0,12,0,37,3.0,1.29,571.75,1.19,0.16,0.07
1163,17,32,1235,21736,2.01,13,0,30,0,0,0,0,0,69,0.86,0.62,603.0,1.27,0.14,0.08
1163,17,32,1228,16400,1.64,20,10,15,0,0,0,0,0,75,3.0,0.82,401.45,1.17,0.16,0.07
1163,17,32,1236,17098,1.612,23,8,39,0,0,0,0,0,52,3.6,1.09,452.78,1.11,0.15,0.06
1163,17,32,1229,17238,1.657,30,0,20,13,10,0,0,3,53,4.0,0.88,369.73,1.21,0.17,0.05
1163,17,32,1234,15136,1.955,18,0,5,11,0,0,0,0,83,1.0,0.64,404.56,1.1,0.16,0.07
1163,17,32,1245,17365,1.313,15,13,46,0,0,0,0,0,40,4.0,0.5,493.8,1.22,0.12,0.07
1163,17,32,1253,15805,1.33,10,0,0,10,0,0,0,0,90,0.67,0.67,408.5,1.23,0.1,0.08
1163,17,32,1252,31588,1.423,27,22,77,0,0,0,0,0,0,1.7,0.93,474.93,1.34,0.18,0.06
1163,17,32,1251,12126,1.64,30,0,40,13,3,0,3,6,33,1.31,1.14,279.93,1.29,0.2,0.06
1163,17,32,1260,17135,1.296,31,0,22,12,41,0,0,0,22,3.43,0.94,347.26,1.25,0.17,0.05
1163,17,32,1269,8378,1.662,21,0,4,9,14,0,0,0,71,3.2,1.33,463.76,1.22,0.12,0.06
1167,18,3,1262,9324,1.703,21,0,9,4,4,0,0,0,80,1.62,0.91,354.38,1.19,0.16,0.06
1167,18,3,1276,10191,1.633,32,0,6,6,68,0,0,0,18,1.46,1.13,170.62,1.18,0.19,0.05
1245,19,27,1259,10720,1.675,25,0,16,8,16,0,0,0,60,2.57,0.39,198.48,1.13,0.13,0.05
1245,19,27,1279,11256,1.595,30,0,0,6,3,0,0,0,90,1.5,0.88,628.87,1.14,0.17,0.05
1245,19,27,1268,9782,1.836,16,0,0,0,6,0,0,0,93,1.0,0.78,259.5,1.18,0.16,0.07
1245,19,27,1271,12222,1.299,17,0,5,0,0,0,0,0,94,2.4,1.12,344.06,1.29,0.14,0.07
1245,19,27,1278,9174,2.106,20,0,0,0,0,0,5,0,95,1.5,0.67,358.7,1.24,0.17,0.07
1245,19,27,1284,9676,1.439,11,0,18,0,0,0,0,0,81,2.67,1.2,235.36,1.11,0.13,0.08
1245,19,27,1285,7965,2.288,25,24,56,8,0,0,4,0,8,0.92,1.08,243.84,1.16,0.22,0.06
1245,19,27,1282,7946,2.362,8,0,62,0,0,0,0,0,37,1.67,0.33,295.12,1.18,0.11,0.09
1245,19,27,1286,18437,1.74,0,0,0,0,0,0,0,0,0,0.0,0.0,0.0,0.0,0.0,0.0
1245,19,27,1291,20566,1.611,3,0,33,0,0,0,0,0,66,inf,2.0,468.67,1.3,0.03,0.11
1245,19,27,1294,12720,1.988,32,3,43,12,0,0,0,3,37,1.91,0.88,468.41,1.14,0.17,0.05
1245,19,27,1299,21780,2.222,35,8,37,8,2,0,0,0,42,1.19,1.19,465.77,1.17,0.21,0.05
1245,19,27,1292,23430,1.936,10,0,10,0,0,0,10,10,70,1.5,1.5,178.7,1.16,0.1,0.07
1245,19,27,1301,12221,1.198,20,0,15,25,0,0,10,5,45,1.22,1.0,503.25,1.19,0.15,0.06
1245,19,27,1296,12540,2.171,7,0,0,0,0,0,0,0,100,inf,1.33,462.29,1.24,0.07,0.06
1245,19,27,1304,9976,1.349,16,0,6,12,0,0,0,0,81,1.67,1.0,609.38,1.14,0.12,0.07
1245,19,27,1300,9594,1.427,15,0,13,13,33,0,0,0,40,2.75,2.0,246.53,1.22,0.12,0.06
1245,19,27,1302,10282,0.915,18,0,5,0,5,0,0,0,88,1.0,1.0,242.11,1.19,0.17,0.07
1245,19,27,1326,12426,1.046,6,0,0,0,16,0,0,0,83,1.0,1.0,444.83,1.11,0.08,0.14
1245,19,27,1313,12500,1.25,17,0,5,11,23,0,0,0,58,1.43,1.12,270.29,1.29,0.18,0.08
1245,19,27,1325,15410,1.165,5,0,0,0,0,0,0,0,100,1.5,0.25,527.2,1.08,0.07,0.09
1245,19,27,1331,15960,1.228,22,0,45,9,0,0,0,0,45,1.0,0.69,549.0,1.14,0.22,0.07
1245,19,27,1332,14400,1.44,33,0,42,15,3,0,0,0,39,1.06,1.2,534.39,1.14,0.17,0.05
1245,19,27,1338,34069,1.382,23,0,13,8,0,0,0,0,78,1.3,0.92,598.26,1.15,0.2,0.07
1245,19,27,1334,17538,1.423,31,0,3,3,0,0,0,0,93,1.58,1.21,516.48,1.14,0.19,0.06
1245,19,27,1340,26368,1.609,8,0,0,0,0,0,0,0,100,1.0,1.0,773.5,1.04,0.08,0.09
1314,20,22,1348,22000,2.2,22,13,4,0,0,0,0,0,81,4.5,0.57,328.68,1.2,0.13,0.06
1314,20,22,1339,18900,2.333,19,0,5,5,0,0,5,0,84,1.11,0.73,392.26,1.31,0.16,0.06
1314,20,22,1350,17784,1.368,9,0,0,11,0,0,11,0,77,3.5,1.25,588.33,1.16,0.07,0.08
1314,20,22,1353,21546,1.658,13,0,0,0,7,0,0,0,92,1.6,0.62,330.92,1.25,0.11,0.07
1314,20,22,1361,12814,1.733,12,0,16,25,8,0,0,0,50,3.0,1.0,339.75,1.17,0.13,0.07
1314,20,22,1366,23433,2.047,16,12,18,6,0,0,0,6,56,1.67,1.0,297.62,1.15,0.14,0.07
1314,20,22,1356,9348,2.877,15,0,0,0,6,0,0,0,93,4.0,2.0,512.53,1.12,0.12,0.07
1314,20,22,1368,12474,2.104,37,0,5,8,8,0,0,0,78,1.31,0.76,250.97,1.17,0.17,0.05
1314,20,22,1365,12956,1.927,20,0,5,5,10,0,0,0,80,3.0,1.22,209.75,1.21,0.12,0.05
1314,20,22,1377,9660,2.029,18,0,27,16,0,0,0,0,55,2.0,1.25,323.89,1.13,0.15,0.06
1314,20,22,1391,12243,2.065,18,0,16,33,0,0,5,0,44,1.0,1.0,266.78,1.26,0.11,0.06
1314,20,22,1384,13200,1.705,26,0,3,7,0,0,0,3,84,2.25,0.62,710.69,1.21,0.14,0.05
1314,20,22,1392,48345,1.776,20,0,0,5,5,0,0,0,90,0.82,1.86,616.7,1.19,0.18,0.06
1314,20,22,1395,25636,1.905,13,0,23,15,7,0,0,0,53,1.17,1.17,1104.08,1.27,0.12,0.07
1314,20,22,1405,11552,2.0,14,0,28,14,7,0,0,0,50,2.5,0.75,433.64,1.15,0.15,0.07
1314,20,22,1394,11840,1.85,27,0,40,7,37,0,0,0,14,1.08,0.8,393.74,1.21,0.16,0.05
1314,20,22,1411,15857,1.554,20,0,5,0,0,0,0,0,95,1.86,1.0,945.95,1.22,0.15,0.06
1314,20,22,1407,14877,1.966,12,0,25,33,0,0,0,0,41,5.0,0.5,361.5,1.06,0.09,0.06
1314,20,22,1418,21357,1.673,28,0,71,7,0,0,0,0,21,0.87,1.15,675.04,1.21,0.19,0.06
1314,20,22,1419,28428,1.493,37,0,5,13,51,0,0,0,29,1.47,0.95,454.76,1.29,0.2,0.05
1357,21,4,1420,35465,1.185,30,0,56,20,16,0,0,0,6,1.31,0.88,671.0,1.33,0.24,0.06
1357,21,4,1431,24102,1.761,1,0,0,0,100,0,0,0,0,0.0,0.0,315.0,1.4,0.01,0.0
1357,21,4,1445,25172,1.87,0,0,0,0,0,0,0,0,0,0.0,0.0,0.0,0.0,0.0,0.0
1390,22,3,1478,16168,2.186,9,0,0,0,11,0,0,0,88,2.0,1.25,374.89,1.13,0.09,0.09
1390,22,3,1481,14014,2.364,3,0,0,0,0,0,0,66,33,0.0,2.0,385.33,0.99,0.02,0.08
1390,22,3,1481,14014,2.364,3,0,0,0,0,0,0,66,33,0.0,2.0,385.33,0.99,0.02,0.08
1390,22,3,1483,13677,1.454,13,0,0,0,0,0,0,0,100,inf,0.62,279.46,1.27,0.09,0.06
1467,23,6,1521,34235,1.228,10,0,0,20,0,0,0,0,80,9.0,4.0,506.0,1.38,0.07,0.06
1467,23,6,1517,17066,1.519,10,0,0,0,0,0,0,0,100,4.0,0.67,708.1,1.29,0.1,0.08
1467,23,6,1523,57873,1.586,3,66,0,0,0,0,0,33,0,0.5,inf,523.33,1.24,0.03,0.07
1467,23,6,1538,36801,1.851,14,28,42,0,0,0,0,0,28,1.33,1.33,253.29,1.41,0.11,0.06
1467,23,6,1538,36801,1.851,14,28,42,0,0,0,0,0,28,1.33,1.33,253.29,1.41,0.11,0.06
1467,23,6,1554,20088,1.722,12,0,0,0,0,0,0,0,100,5.0,1.0,478.08,1.19,0.14,0.08
1467,23,6,1551,13590,1.678,8,0,25,0,12,0,0,0,62,7.0,3.0,604.12,1.2,0.07,0.09
1467,23,6,1551,13590,1.678,8,0,25,0,12,0,0,0,62,7.0,3.0,604.12,1.2,0.07,0.09
1467,23,6,1551,13590,1.678,8,0,25,0,12,0,0,0,62,7.0,3.0,604.12,1.2,0.07,0.09
1544,24,17,1570,22317,1.341,42,2,54,0,2,0,0,0,40,1.21,0.75,287.67,1.11,0.25,0.05
1544,24,17,1579,20330,1.776,19,0,52,0,0,0,0,0,47,2.8,0.9,729.95,1.3,0.13,0.06
1544,24,17,1589,42340,1.986,19,0,73,5,21,0,0,0,0,2.17,1.38,385.16,1.32,0.15,0.06
1544,24,17,1604,9720,1.875,17,35,58,0,0,0,0,0,5,1.83,0.31,298.82,1.32,0.09,0.05
1544,24,17,1612,11096,1.921,29,6,27,3,0,0,0,0,62,0.93,1.42,331.93,1.21,0.2,0.06
1544,24,17,1601,12470,1.686,4,0,0,0,0,0,0,0,100,1.0,0.0,384.5,1.31,0.04,0.07
1544,24,17,1610,9384,2.029,5,0,20,20,0,0,0,0,60,inf,0.67,426.6,1.12,0.05,0.09
1544,24,17,1619,23808,1.453,24,0,0,4,0,0,0,0,95,1.67,0.6,426.42,1.22,0.21,0.06
1544,24,17,1632,14620,2.024,13,0,7,7,15,0,0,0,69,1.6,0.44,368.08,1.3,0.11,0.06
1544,24,17,1627,14694,1.699,21,4,0,9,0,0,0,4,80,0.91,1.1,369.14,1.13,0.16,0.06
1544,24,17,1622,20648,1.534,25,0,20,20,24,0,0,0,36,1.78,1.27,131.88,1.28,0.12,0.05
1544,24,17,1629,31200,1.846,8,0,0,0,0,0,0,0,100,3.0,1.0,199.75,1.22,0.09,0.08
1544,24,17,1636,9006,1.443,13,7,15,7,15,0,0,0,53,3.33,0.86,331.92,1.14,0.13,0.07
1544,24,17,1631,12789,1.69,23,0,4,13,4,0,0,0,78,4.75,1.56,282.3,1.13,0.13,0.06
1544,24,17,1639,19980,1.622,23,0,13,4,0,0,0,0,82,2.83,0.53,593.09,1.22,0.17,0.06
1544,24,17,1635,22625,1.448,13,7,15,15,0,0,0,0,61,1.17,0.3,397.23,1.19,0.1,0.07
1544,24,17,1642,22606,1.402,20,0,0,0,0,0,0,0,100,1.22,0.82,448.65,1.09,0.17,0.07
1618,25,21,1648,8968,1.553,7,0,0,0,0,0,0,0,100,inf,0.75,444.29,1.19,0.06,0.07
1618,25,21,1644,33796,1.676,12,0,8,0,0,0,0,0,91,1.0,1.4,739.25,1.13,0.11,0.08
1618,25,21,1651,32384,1.977,18,0,5,22,22,0,0,0,50,3.5,1.57,499.11,1.12,0.16,0.06
1618,25,21,1650,24150,1.826,33,0,6,9,3,0,0,0,81,1.36,1.06,499.48,1.28,0.18,0.05
1618,25,21,1654,10873,1.578,25,0,0,0,0,0,0,0,100,1.08,1.27,432.44,1.1,0.18,0.06
1618,25,21,1673,24750,2.045,18,0,38,0,44,0,0,0,16,1.57,0.8,166.33,1.2,0.15,0.07
1618,25,21,1664,14000,1.116,21,0,76,0,19,0,0,0,4,1.1,1.1,264.19,1.37,0.18,0.06
1618,25,21,1668,28182,1.188,18,22,27,0,0,0,0,0,50,1.0,3.5,494.89,1.22,0.14,0.06
1618,25,21,1682,28768,1.87,0,0,0,0,0,0,0,0,0,0.0,0.0,0.0,0.0,0.0,0.0
1618,25,21,1680,13694,2.037,16,18,25,0,0,0,0,0,56,4.33,0.6,585.5,1.29,0.12,0.06
1618,25,21,1698,11218,1.8,0,0,0,0,0,0,0,0,0,0.0,0.0,0.0,0.0,0.0,0.0
1618,25,21,1690,13120,2.05,19,10,10,0,0,0,0,0,78,2.17,1.11,297.21,1.23,0.11,0.06
1618,25,21,1701,12792,2.103,3,0,0,0,0,0,0,0,100,inf,0.5,380.0,1.13,0.03,0.11
1618,25,21,1691,12012,2.026,8,25,12,12,0,0,12,12,25,inf,1.0,278.38,1.15,0.05,0.05
1618,25,21,1697,11248,1.947,9,0,0,0,0,0,11,0,88,3.5,0.8,357.11,1.13,0.07,0.07
1618,25,21,1702,13530,2.012,11,36,27,0,9,0,0,0,27,2.67,1.75,232.0,1.24,0.09,0.07
1618,25,21,1714,13524,1.917,30,0,16,20,0,0,0,0,63,2.0,0.67,273.77,1.2,0.18,0.05
1618,25,21,1712,13114,1.904,20,0,20,20,15,0,0,10,35,1.86,1.0,303.75,1.16,0.12,0.05
1618,25,21,1700,12948,1.88,5,0,0,20,0,0,0,0,80,0.67,0.67,323.2,1.17,0.05,0.12
1618,25,21,1713,23002,2.047,24,20,4,0,0,0,4,0,70,3.8,0.5,407.04,1.19,0.13,0.05
1618,25,21,1716,22140,1.898,35,0,0,5,2,0,0,0,91,1.19,0.67,285.29,1.06,0.18,0.05
1692,26,20,1720,21400,1.869,18,0,11,16,0,0,0,0,72,inf,1.57,328.11,1.28,0.1,0.05
1692,26,20,1711,22581,1.65,23,0,60,17,4,0,0,0,17,1.88,0.77,236.61,1.27,0.21,0.07
1692,26,20,1726,16356,1.851,13,0,15,15,0,0,7,0,61,1.6,0.18,327.0,1.2,0.11,0.06
1692,26,20,1732,25993,1.345,21,4,0,0,0,0,0,4,90,2.0,0.91,453.29,1.01,0.16,0.06
1692,26,20,1735,26035,1.614,2,0,0,0,0,0,0,50,50,1.0,1.0,412.5,1.55,0.02,0.24
1692,26,20,1744,14280,1.976,2,0,0,0,0,0,0,0,100,inf,0.0,300.0,1.39,0.02,0.1
1692,26,20,1749,14276,2.072,26,0,0,0,0,0,0,0,100,1.89,1.6,471.81,1.03,0.2,0.06
1692,26,20,1752,13932,2.123,14,14,14,0,0,0,0,0,71,1.8,1.8,740.0,1.17,0.13,0.08
1692,26,20,1748,11775,2.093,10,0,0,0,20,0,0,0,80,9.0,0.67,463.6,1.12,0.09,0.06
1692,26,20,1750,11750,0.752,8,0,0,0,0,0,0,0,100,1.0,1.67,306.5,1.28,0.08,0.07
1692,26,20,1753,10608,2.294,24,0,79,8,0,0,0,4,8,1.0,1.18,687.46,1.34,0.2,0.06
1692,26,20,1761,20055,1.819,19,15,57,0,0,0,5,5,15,5.33,2.8,284.42,1.24,0.1,0.05
1692,26,20,1772,20099,1.97,9,11,33,22,0,0,0,0,33,8.0,3.5,234.11,1.1,0.09,0.09
1692,26,20,1770,18666,1.794,18,16,11,11,0,0,5,0,55,5.0,2.0,383.11,1.19,0.1,0.06
1692,26,20,1778,16524,1.588,9,44,55,0,0,0,0,0,0,1.25,2.0,152.67,1.39,0.09,0.07
1692,26,20,1780,15648,1.698,18,0,55,5,0,0,0,0,38,2.6,1.0,223.83,1.15,0.17,0.07
1692,26,20,1784,20196,1.731,24,0,16,4,0,0,0,0,79,0.71,0.41,749.08,1.12,0.18,0.06
1692,26,20,1782,24038,1.697,12,8,8,16,8,0,0,0,58,1.4,1.4,254.5,1.23,0.13,0.08
1692,26,20,1783,24240,1.683,28,3,7,10,3,0,0,3,71,2.11,1.15,383.14,1.17,0.17,0.05
1692,26,20,1790,11431,2.268,20,5,0,5,0,0,0,0,90,3.0,1.22,641.35,1.23,0.15,0.06
1770,27,10,1808,52360,1.497,16,0,0,6,6,0,0,0,87,1.0,2.2,477.75,1.29,0.18,0.08
1770,27,10,1816,13912,1.574,13,0,0,0,0,0,0,0,100,5.5,0.86,695.38,1.21,0.1,0.07
1770,27,10,1823,19594,1.921,13,0,69,7,7,0,0,0,15,2.25,0.86,541.69,1.13,0.15,0.07
1770,27,10,1820,16665,1.634,23,0,52,13,4,0,0,0,30,1.3,1.09,360.7,1.17,0.15,0.05
1770,27,10,1829,13320,1.644,7,0,0,0,0,0,0,0,100,1.33,1.33,478.29,1.24,0.08,0.1
1770,27,10,1831,12610,1.34,14,0,0,0,0,0,0,0,100,1.0,1.0,658.57,1.09,0.12,0.07
1770,27,10,1861,14661,2.235,19,0,47,15,0,0,0,0,36,0.58,2.17,290.16,1.25,0.12,0.05
1770,27,10,1845,11088,2.794,32,6,75,3,0,0,0,0,15,1.0,0.68,227.0,1.17,0.2,0.05
1770,27,10,1864,10374,1.253,20,0,45,25,5,0,0,0,25,1.22,1.86,597.8,1.27,0.2,0.08
1839,28,18,1882,12782,1.855,14,7,71,0,0,0,0,0,21,1.8,1.0,472.29,1.16,0.13,0.07
1839,28,18,1878,11259,1.716,20,0,80,10,0,0,0,5,5,1.22,1.22,323.1,1.2,0.16,0.06
1839,28,18,1879,15921,2.103,13,0,61,7,0,0,7,0,23,3.33,0.62,403.23,1.17,0.12,0.07
1839,28,18,1866,20160,1.829,9,0,33,11,11,0,11,22,11,0.5,1.25,211.33,1.16,0.09,0.07
1839,28,18,1887,18036,1.546,23,4,43,13,0,0,4,0,34,1.56,0.64,416.61,1.38,0.18,0.06
1839,28,18,1892,11627,1.961,24,0,33,12,0,0,0,0,54,0.85,1.18,390.88,1.19,0.16,0.06
1839,28,18,1900,28329,1.602,13,7,38,0,0,0,0,0,53,0.86,0.62,707.92,1.18,0.14,0.08
1839,28,18,1908,20125,1.288,16,0,43,0,0,0,0,0,56,1.67,1.0,626.19,1.12,0.16,0.07
1839,28,18,1896,14160,2.212,19,0,94,0,0,0,0,0,5,1.11,0.73,472.68,0.98,0.14,0.06
1839,28,18,1916,13254,1.5,23,52,47,0,0,0,0,0,0,0.44,0.92,457.0,1.17,0.13,0.05
1839,28,18,1921,12384,1.674,19,21,52,0,0,0,5,0,21,1.38,0.9,316.42,1.12,0.16,0.07
1839,28,18,1928,13818,1.439,13,7,30,0,0,0,0,15,46,1.6,1.17,347.92,1.2,0.14,0.08
1839,28,18,1926,14620,2.024,39,5,48,12,0,0,2,0,30,1.17,0.62,428.87,1.2,0.23,0.05
1839,28,18,1930,13708,1.62,16,0,6,0,6,0,0,6,81,1.67,1.29,360.06,1.24,0.15,0.07
1839,28,18,1927,15400,1.273,39,0,2,5,12,0,0,0,79,0.86,0.86,608.92,1.14,0.21,0.05
1839,28,18,1941,28917,2.042,38,0,18,26,7,0,0,0,47,3.22,1.11,387.21,1.11,0.17,0.04
1839,28,18,1938,21320,1.971,26,0,11,30,23,0,0,3,30,0.62,1.17,291.96,1.13,0.17,0.06
1919,29,21,1939,11826,1.802,26,0,3,11,46,0,0,0,38,1.0,0.53,304.85,1.08,0.17,0.06
1919,29,21,1945,25200,2.009,25,0,20,28,0,0,0,0,52,1.08,0.79,271.16,1.12,0.16,0.06
1919,29,21,1949,25560,1.775,11,0,0,0,0,0,0,0,100,1.2,0.83,277.73,1.12,0.13,0.08
1919,29,21,1956,22472,2.0,2,0,0,0,0,0,0,100,0,inf,0.0,318.5,1.32,0.02,0.08
1919,29,21,1957,24503,2.14,16,6,0,0,6,0,6,0,81,3.0,0.78,409.25,1.17,0.13,0.06
1919,29,21,1963,14112,0.89,0,0,0,0,0,0,0,0,0,0.0,0.0,0.0,0.0,0.0,0.0
1919,29,21,1962,30246,1.5,16,0,0,6,0,0,0,0,93,7.0,1.0,439.06,1.23,0.12,0.07
1919,29,21,1976,13528,2.342,22,0,45,22,0,0,0,0,31,1.0,1.0,175.09,1.08,0.19,0.07
1919,29,21,1969,12684,1.798,29,0,13,0,82,0,0,0,3,0.93,1.07,280.93,1.18,0.2,0.06
1919,29,21,1970,22149,1.935,40,0,0,5,65,0,0,0,30,1.22,1.11,220.95,1.23,0.2,0.05
1919,29,21,1968,15402,1.48,37,0,8,2,81,0,0,0,8,1.31,0.95,268.86,1.26,0.18,0.04
1919,29,21,1974,13224,1.747,24,54,16,0,0,0,4,4,20,2.0,0.71,270.83,1.19,0.13,0.05
1919,29,21,1983,24495,1.852,12,0,8,0,0,0,0,0,91,5.0,0.33,579.0,1.27,0.1,0.07
1919,29,21,1982,28072,1.92,0,0,0,0,0,0,0,0,0,0.0,0.0,0.0,0.0,0.0,0.0
1919,29,21,1985,28672,1.75,13,0,15,0,0,0,0,0,84,5.5,2.25,645.0,1.37,0.14,0.09
1919,29,21,1984,21525,1.952,13,0,0,0,0,0,0,0,100,1.17,1.6,429.0,1.18,0.09,0.06
1919,29,21,1986,27117,1.58,12,16,0,0,0,0,8,16,58,1.4,1.0,402.33,1.13,0.1,0.08
1919,29,21,1992,30672,1.521,25,4,0,4,4,0,4,4,80,0.67,1.27,299.36,1.05,0.15,0.05
1919,29,21,2000,22620,1.681,15,0,0,0,0,0,0,0,100,2.0,0.36,898.2,1.11,0.16,0.08
1919,29,21,1995,23919,1.689,32,0,0,0,3,0,0,0,96,1.29,1.29,382.62,1.11,0.16,0.05
1919,29,21,2001,22939,1.796,12,8,8,8,0,0,0,0,75,0.5,1.4,260.25,1.25,0.11,0.07
1994,30,12,2006,12516,1.774,19,0,26,10,0,0,0,0,63,1.71,0.9,303.68,1.2,0.1,0.06
1994,30,12,2010,20615,2.284,19,0,94,0,0,0,0,0,5,1.38,1.11,380.68,1.11,0.17,0.07
1994,30,12,2009,12354,1.632,29,0,3,13,0,0,0,0,82,1.23,1.42,356.14,1.19,0.16,0.05
1994,30,12,2007,16517,2.398,21,0,14,14,9,0,0,0,61,2.0,0.62,258.19,1.19,0.15,0.06
1994,30,12,2013,11250,2.0,30,0,0,0,0,0,0,0,100,5.0,0.88,594.77,1.25,0.14,0.05
1994,30,12,2015,16896,2.182,18,0,55,11,0,0,0,0,33,1.57,1.57,581.06,1.09,0.14,0.06
1994,30,12,2031,27951,1.909,13,15,53,0,0,0,0,0,30,5.5,1.6,463.92,1.29,0.08,0.05
1994,30,12,2035,17496,1.5,23,4,43,21,0,0,0,0,30,1.09,0.92,279.96,1.15,0.13,0.05
1994,30,12,2054,15561,1.879,1,0,0,0,0,0,0,0,100,0.0,0.0,400.0,1.0,0.01,0.0
1994,30,12,2053,20740,1.393,28,0,25,25,0,0,0,0,50,1.8,1.8,296.18,1.11,0.18,0.06
1994,30,12,2055,21250,1.36,38,0,44,5,0,0,0,0,50,1.38,0.9,538.74,1.05,0.2,0.05
1994,30,12,2061,25004,0.707,18,5,5,33,0,0,0,0,55,1.0,2.0,958.61,1.11,0.17,0.07
2074,31,33,2075,16224,1.76,20,0,55,15,0,0,0,0,30,0.82,0.82,528.05,1.14,0.2,0.08
2074,31,33,2071,36261,1.549,34,0,32,38,0,0,0,0,29,0.89,1.0,550.21,1.18,0.22,0.05
2074,31,33,2072,20943,1.53,21,19,28,0,0,0,9,4,38,2.0,0.62,479.62,1.24,0.14,0.06
2074,31,33,2073,12528,1.074,24,4,50,8,0,0,4,4,29,1.67,1.0,791.5,1.23,0.23,0.07
2074,31,33,2086,14696,1.9,0,0,0,0,0,0,0,0,0,0.0,0.0,0.0,0.0,0.0,0.0
2074,31,33,2093,52390,2.181,32,6,46,9,6,0,0,0,31,3.57,0.88,419.19,1.07,0.13,0.04
2074,31,33,2089,15805,1.33,5,0,40,0,0,0,0,0,60,inf,4.0,464.0,1.24,0.05,0.12
2074,31,33,2098,32058,2.342,12,0,16,8,0,0,0,0,75,2.0,1.0,790.67,1.02,0.1,0.07
2074,31,33,2101,30736,2.407,21,0,4,19,4,0,0,0,71,1.62,2.0,626.19,1.17,0.13,0.06
2074,31,33,2106,30720,1.875,25,0,16,20,8,0,0,0,56,1.27,1.27,419.4,1.12,0.14,0.05
2074,31,33,2104,28435,1.942,27,0,22,29,7,0,0,0,40,1.08,1.25,329.04,1.12,0.17,0.06
2074,31,33,2113,30084,2.532,23,0,8,8,0,0,0,4,78,2.83,0.92,348.04,1.09,0.14,0.06
2074,31,33,2105,22575,1.357,24,0,0,0,0,0,0,0,100,2.43,0.6,418.33,1.12,0.15,0.05
2074,31,33,2110,23528,1.272,11,0,0,0,0,0,0,0,100,0.83,0.57,1222.18,1.07,0.12,0.08
2074,31,33,2123,19998,1.96,13,0,0,0,0,0,0,0,100,2.25,0.86,262.77,1.08,0.12,0.07
2074,31,33,2115,27225,1.86,19,0,31,5,31,0,0,0,31,1.71,0.73,305.95,1.28,0.18,0.07
2074,31,33,2130,27370,1.933,19,0,36,26,0,0,0,0,36,1.38,1.11,213.89,1.12,0.17,0.07
2074,31,33,2124,12584,1.625,20,0,50,5,0,0,0,0,45,3.0,1.22,419.2,1.2,0.14,0.06
2074,31,33,2126,10956,1.59,30,0,43,13,0,0,0,0,43,1.5,0.88,356.23,1.25,0.15,0.05
2074,31,33,2129,25410,2.1,16,0,50,6,0,0,0,0,43,15.0,0.45,323.12,1.26,0.1,0.05
2074,31,33,2131,23744,2.113,7,0,42,0,0,0,0,0,57,6.0,0.0,525.14,1.21,0.04,0.07
2074,31,33,2133,20972,1.832,19,36,57,0,0,0,5,0,0,2.17,1.71,424.53,1.23,0.13,0.06
2074,31,33,2137,19425,1.762,18,5,94,0,0,0,0,0,0,1.0,1.25,291.5,1.19,0.17,0.07
2074,31,33,2141,41440,1.892,14,92,7,0,0,0,0,0,0,1.33,1.0,471.07,1.27,0.11,0.06
2074,31,33,2149,24440,1.446,5,40,60,0,0,0,0,0,0,0.25,4.0,212.6,1.45,0.06,0.09
2074,31,33,2151,19610,1.745,24,0,100,0,0,0,0,0,0,1.0,1.0,759.71,1.36,0.17,0.06
2074,31,33,2153,12780,2.535,29,0,96,3,0,0,0,0,0,1.42,0.93,580.1,1.15,0.19,0.06
2223,32,59,2154,23994,1.442,15,6,73,13,0,0,0,0,6,1.5,0.67,466.8,1.27,0.17,0.07
2223,32,59,2160,29045,1.178,19,0,5,0,0,0,0,5,89,2.8,0.36,801.84,1.12,0.15,0.07
2223,32,59,2162,35457,1.403,22,0,0,0,0,0,0,0,100,1.2,1.0,585.09,1.08,0.19,0.07
2223,32,59,2165,15344,1.223,7,0,0,0,14,0,0,0,85,6.0,1.33,502.86,1.09,0.08,0.08
2223,32,59,2171,15012,1.287,5,0,0,0,0,0,0,0,100,0.25,1.5,672.8,1.02,0.07,0.19
2223,32,59,2169,16170,1.336,28,0,0,0,0,0,0,0,100,0.87,1.55,763.39,1.05,0.21,0.06
2223,32,59,2167,13000,1.3,17,0,0,11,0,0,0,0,88,4.67,1.83,457.29,1.19,0.11,0.06
2223,32,59,2181,11532,1.333,22,0,0,4,9,0,0,0,86,3.4,1.75,273.05,1.09,0.13,0.06
2223,32,59,2175,8772,1.897,26,0,19,23,15,0,0,0,42,1.89,0.73,289.81,1.19,0.22,0.07
2223,32,59,2178,10374,1.705,15,6,20,46,13,0,0,0,13,1.5,0.88,271.8,1.31,0.16,0.07
2223,32,59,2173,24662,1.771,10,0,0,0,10,0,0,0,90,2.33,1.0,252.4,1.11,0.11,0.07
2223,32,59,2172,23780,1.767,13,0,0,0,15,0,0,0,84,1.17,0.86,299.0,1.17,0.12,0.07
2223,32,59,2188,16756,1.203,30,0,0,13,23,0,0,0,63,0.58,1.14,463.7,1.18,0.17,0.05
2223,32,59,2190,14443,1.416,8,0,0,12,12,0,0,0,75,1.0,1.67,535.88,1.21,0.11,0.11
2223,32,59,2193,17028,1.737,10,30,20,10,0,0,0,0,40,1.5,0.25,758.7,1.17,0.12,0.09
2223,32,59,2191,21922,1.717,8,0,12,12,0,0,0,12,62,0.6,0.6,604.75,1.28,0.09,0.08
2223,32,59,2198,24644,1.66,0,0,0,0,0,0,0,0,0,0.0,0.0,0.0,0.0,0.0,0.0
2223,32,59,2196,35028,1.813,15,6,0,0,0,0,0,0,93,2.75,0.88,403.67,1.2,0.1,0.06
2223,32,59,2195,33033,1.615,21,4,4,0,0,0,0,0,90,1.33,0.75,467.1,1.19,0.16,0.06
2223,32,59,2200,15106,1.824,18,5,22,22,0,0,0,0,50,0.8,1.57,357.61,1.07,0.15,0.07
2223,32,59,2204,16296,1.732,20,0,0,5,0,0,0,0,95,0.82,0.67,647.75,1.08,0.15,0.06
2223,32,59,2215,14596,1.843,14,0,0,0,0,0,0,0,100,2.5,0.75,619.64,1.06,0.14,0.08
2223,32,59,2209,15015,1.813,2,0,100,0,0,0,0,0,0,1.0,inf,396.0,1.18,0.02,0.26
2223,32,59,2220,13944,1.976,28,0,10,14,0,0,0,0,75,1.0,1.33,555.61,1.08,0.25,0.06
2223,32,59,2222,16975,1.804,17,0,47,29,0,0,0,0,23,1.43,1.12,235.06,1.23,0.22,0.09
2223,32,59,2216,8400,1.714,17,0,23,23,0,0,0,0,52,2.4,0.31,272.18,1.21,0.12,0.06
2223,32,59,2211,16100,1.902,7,0,0,0,0,0,0,0,100,1.33,1.33,450.29,1.1,0.07,0.08
2223,32,59,2219,17019,1.968,3,0,0,0,0,0,0,0,100,2.0,inf,243.67,1.19,0.02,0.07
2223,32,59,2233,17574,1.723,10,0,10,20,0,0,0,0,70,inf,0.67,430.4,1.18,0.1,0.08
2223,32,59,2213,16732,1.894,26,7,69,15,0,0,0,0,7,2.25,1.36,406.92,1.21,0.23,0.06
2223,32,59,2250,23861,2.084,10,0,0,20,20,0,0,0,60,2.33,1.5,345.2,1.19,0.11,0.07
2223,32,59,2245,9009,1.088,17,0,0,11,29,0,0,0,58,1.12,1.12,316.35,1.22,0.15,0.07
2223,32,59,2259,15096,1.451,15,6,6,0,6,0,6,0,73,2.75,1.14,165.6,1.08,0.15,0.07
2223,32,59,2260,16632,1.426,30,0,0,10,20,0,0,0,70,1.14,0.88,318.53,1.09,0.17,0.05
2223,32,59,2266,13770,1.7,28,0,0,7,14,0,0,3,75,1.8,1.55,351.21,1.14,0.16,0.05
2223,32,59,2247,16100,1.61,10,0,20,0,40,0,0,0,40,1.0,1.5,184.1,1.12,0.12,0.09
2223,32,59,2265,17028,1.737,25,0,24,32,0,0,0,0,44,1.5,0.79,302.08,1.3,0.16,0.05
2223,32,59,2273,14940,1.844,18,5,0,0,5,0,0,0,88,1.25,0.64,233.78,1.11,0.13,0.06
2223,32,59,2272,14812,1.75,27,0,0,3,33,0,0,0,62,0.93,1.45,252.59,1.27,0.18,0.05
2223,32,59,2285,16583,1.563,15,0,20,6,6,0,0,0,66,0.67,0.67,643.2,1.08,0.18,0.08
2223,32,59,2286,11997,1.387,20,0,60,15,0,0,0,0,25,3.0,0.82,220.3,1.4,0.16,0.06
2223,32,59,2287,13224,1.747,31,0,80,3,6,0,0,0,9,1.82,1.07,263.74,1.06,0.16,0.05
2223,32,59,2293,15092,1.571,13,0,38,15,0,0,0,0,46,3.33,1.17,305.77,1.11,0.14,0.08
2223,32,59,2301,13502,1.826,41,0,70,4,7,0,0,0,17,0.95,0.71,246.8,1.13,0.21,0.05
2223,32,59,2304,7171,1.423,31,0,51,16,9,0,3,0,19,0.82,1.21,163.55,1.05,0.19,0.06
2223,32,59,2312,12596,1.426,26,0,46,15,7,0,3,0,26,0.86,1.6,159.69,1.06,0.18,0.06
2223,32,59,2314,17202,1.947,17,0,29,0,0,0,0,0,70,0.89,0.55,284.47,0.97,0.17,0.07
2223,32,59,2300,12549,1.584,11,0,63,18,9,0,0,0,9,0.83,0.83,126.45,1.11,0.13,0.07
2223,32,59,2305,10033,1.608,27,7,55,3,3,0,3,3,22,1.25,0.93,247.48,1.19,0.19,0.06
2223,32,59,2313,12267,1.621,9,11,55,0,0,0,11,0,22,8.0,1.25,270.67,1.26,0.08,0.08
2223,32,59,2316,9727,1.93,8,0,0,0,0,0,0,0,100,3.0,0.6,381.62,1.18,0.09,0.09
2223,32,59,2322,11703,1.699,8,12,12,0,0,0,0,0,75,1.0,0.6,221.75,1.29,0.08,0.08
2223,32,59,2320,11537,1.675,19,0,5,10,21,0,0,0,63,1.38,0.9,260.0,1.29,0.14,0.06
2306,33,25,2326,11868,1.605,21,0,14,4,23,0,0,0,57,3.2,1.33,334.43,1.3,0.16,0.06
2306,33,25,2327,12470,1.686,37,0,27,0,45,0,0,0,27,1.31,1.18,277.43,1.22,0.21,0.05
2306,33,25,2323,14940,2.169,23,0,34,4,52,0,0,0,8,1.56,1.3,185.04,1.18,0.14,0.05
2306,33,25,2321,15006,2.232,26,0,65,3,26,0,0,0,3,0.86,0.86,200.35,1.14,0.22,0.06
2306,33,25,2328,8200,1.22,37,0,51,16,10,0,0,0,21,1.18,0.95,229.14,1.14,0.19,0.05
2306,33,25,2330,17550,2.167,30,3,33,10,0,0,0,0,53,0.88,0.67,381.0,1.21,0.18,0.05
2306,33,25,2337,15617,1.66,22,36,18,0,0,0,4,0,40,0.83,1.44,288.68,1.27,0.12,0.05
2306,33,25,2342,14457,2.316,23,17,56,4,0,0,0,0,21,0.92,1.3,249.35,1.35,0.17,0.06
2306,33,25,2341,17360,1.384,38,0,39,7,2,0,0,0,50,1.24,1.11,249.34,1.26,0.21,0.05
2306,33,25,2350,11424,1.619,34,2,64,14,8,0,0,0,8,1.27,0.89,284.79,1.11,0.17,0.05
2306,33,25,2353,18124,2.141,31,3,61,9,16,0,0,0,9,1.58,0.82,356.19,1.19,0.18,0.05
2306,33,25,2360,11610,1.57,13,0,7,23,38,0,0,0,30,1.17,0.44,257.38,1.2,0.13,0.07
2306,33,25,2351,9768,1.784,29,0,3,0,0,0,0,0,96,1.64,1.07,298.34,1.1,0.18,0.05
2306,33,25,2361,18228,2.108,24,0,8,4,0,0,0,4,83,3.0,1.18,330.38,1.2,0.14,0.06
2306,33,25,2370,16789,1.583,11,0,9,0,0,0,0,0,90,1.75,0.83,239.64,1.14,0.13,0.08
2306,33,25,2358,18128,1.709,6,16,0,16,0,0,0,0,66,5.0,1.0,266.67,1.02,0.06,0.11
2306,33,25,2372,11115,1.23,0,0,0,0,0,0,0,0,0,0.0,0.0,0.0,0.0,0.0,0.0
2306,33,25,2375,9028,1.649,10,40,50,0,0,0,0,0,10,1.5,1.5,570.9,1.35,0.1,0.08
2306,33,25,2387,21018,1.646,13,15,84,0,0,0,0,0,0,0.44,1.6,189.15,1.15,0.11,0.06
2306,33,25,2390,17368,1.606,6,0,16,0,0,0,0,33,50,2.0,1.0,528.67,1.25,0.06,0.07
2306,33,25,2392,19740,1.79,12,0,16,8,0,0,0,0,75,5.0,0.71,265.5,1.4,0.11,0.07
2306,33,25,2389,8190,1.346,23,0,43,4,4,0,0,0,47,1.3,0.64,240.65,1.29,0.17,0.06
2306,33,25,2394,21432,1.649,14,0,14,7,7,0,0,0,71,2.5,0.4,219.07,1.1,0.11,0.07
2306,33,25,2401,7800,1.282,22,4,4,0,4,0,0,0,86,1.75,0.83,328.73,1.04,0.16,0.06
2379,34,27,2403,13432,1.587,8,0,0,0,0,0,0,0,100,1.0,1.0,341.12,1.03,0.08,0.08
2379,34,27,2411,16443,2.172,8,0,0,0,0,0,0,0,100,1.67,0.6,264.12,1.07,0.09,0.07
2379,34,27,2407,16104,2.08,8,0,0,0,0,0,0,0,100,7.0,1.0,513.25,1.03,0.07,0.08
2379,34,27,2408,28413,1.878,27,0,0,22,3,0,0,0,74,1.08,0.69,386.52,1.33,0.22,0.06
2379,34,27,2418,27485,2.078,12,0,0,0,0,0,0,0,100,2.0,0.5,474.58,1.11,0.14,0.09
2379,34,27,2416,13202,1.963,45,0,2,13,13,0,0,0,71,1.37,1.05,484.47,1.24,0.21,0.04
2379,34,27,2420,14094,1.862,41,0,31,7,34,0,0,0,26,1.41,1.16,496.15,1.33,0.19,0.05
2379,34,27,2417,14329,1.809,14,0,0,0,0,0,0,0,100,1.33,0.4,422.64,1.12,0.13,0.06
2379,34,27,2427,12397,2.091,16,0,6,6,6,0,0,0,81,1.0,0.45,722.0,1.29,0.13,0.06
2379,34,27,2431,14833,1.791,17,5,11,5,0,0,0,0,76,2.4,0.7,634.82,1.11,0.12,0.06
2379,34,27,2441,13416,2.205,15,0,0,0,6,0,0,0,93,1.5,0.88,520.33,1.17,0.13,0.07
2379,34,27,2430,20805,2.305,18,0,5,0,5,0,0,0,88,0.5,1.0,499.44,1.04,0.14,0.06
2379,34,27,2435,29700,2.546,14,7,7,0,0,0,0,0,85,2.5,0.56,307.29,1.22,0.12,0.07
2379,34,27,2443,10057,1.27,13,0,15,0,0,0,0,0,84,1.6,1.17,344.15,1.08,0.13,0.08
2379,34,27,2445,10296,1.33,25,0,0,0,4,0,0,0,96,1.5,1.08,321.64,1.08,0.18,0.06
2379,34,27,2444,27027,1.322,27,0,7,3,7,0,0,0,81,2.38,0.93,353.15,1.14,0.18,0.07
2379,34,27,2450,11424,1.619,30,0,0,0,0,0,0,0,100,1.0,0.67,338.4,1.22,0.19,0.06
2379,34,27,2456,14418,1.82,18,0,0,11,11,0,0,0,77,1.25,0.64,295.78,1.19,0.16,0.07
2379,34,27,2451,12727,1.607,8,0,0,0,0,0,0,0,100,3.0,0.6,216.5,1.05,0.12,0.1
2379,34,27,2449,7313,1.451,25,0,0,0,4,0,0,0,96,1.08,1.08,221.12,1.14,0.14,0.05
2379,34,27,2452,19032,1.76,22,0,4,0,22,0,0,0,72,2.67,0.57,280.18,1.31,0.12,0.05
2379,34,27,2465,18032,1.878,17,0,17,23,11,0,0,0,47,1.43,0.89,285.41,1.14,0.18,0.08
2379,34,27,2467,14400,2.25,39,0,2,2,2,0,0,0,92,0.86,1.05,640.97,1.09,0.21,0.05
2379,34,27,2472,15392,1.423,21,0,4,4,4,0,0,0,85,3.2,0.75,669.0,1.32,0.14,0.06
2461,35,22,2468,38868,1.557,36,0,8,2,66,0,0,0,22,1.77,0.89,256.58,1.26,0.26,0.06
2461,35,22,2479,12831,1.549,49,0,2,8,34,0,0,2,53,1.13,1.23,258.78,1.24,0.22,0.05
2461,35,22,2481,19053,2.517,29,0,24,20,6,0,0,0,48,2.22,1.07,478.34,1.17,0.17,0.05
2461,35,22,2489,16856,1.755,43,0,69,11,0,0,0,0,18,1.87,1.39,503.33,1.14,0.2,0.05
2461,35,22,2484,17776,2.295,12,50,0,0,0,0,0,0,50,inf,0.71,486.0,1.22,0.06,0.05
2461,35,22,2498,21240,1.525,1,100,0,0,0,0,0,0,0,0.0,0.0,704.0,1.45,0.01,0.0
2461,35,22,2492,13350,2.373,23,4,0,4,13,0,0,0,78,2.29,0.92,670.65,1.24,0.17,0.06
2461,35,22,2507,21400,1.869,14,0,0,0,14,0,0,0,85,2.5,0.75,875.5,1.24,0.13,0.07
2461,35,22,2509,16014,1.539,33,0,6,12,3,0,0,0,78,0.57,0.83,387.36,1.14,0.18,0.05
2461,35,22,2500,7320,2.033,32,3,12,21,6,0,0,0,56,1.46,1.0,340.78,1.16,0.21,0.05
2461,35,22,2501,17380,1.436,21,0,4,4,0,0,0,0,90,2.0,1.1,332.48,1.11,0.19,0.06
2461,35,22,2512,17296,2.043,22,0,9,4,13,0,0,0,72,0.83,1.44,553.64,1.08,0.12,0.05
2461,35,22,2522,17604,1.509,20,0,0,0,0,0,0,0,100,1.5,2.33,865.45,1.15,0.14,0.06
2461,35,22,2536,16740,1.935,8,0,0,0,0,0,0,0,100,1.0,1.67,533.0,1.19,0.1,0.09
2461,35,22,2519,21436,2.533,27,0,11,3,18,0,0,3,62,1.7,0.8,367.74,1.17,0.17,0.05
2461,35,22,2534,20400,2.04,12,0,0,0,0,0,0,0,100,3.0,0.5,458.5,1.17,0.08,0.06
2461,35,22,2545,31734,2.098,20,0,0,0,5,0,0,10,85,1.5,1.5,299.65,1.0,0.12,0.05
2461,35,22,2554,11097,1.691,27,0,0,7,0,0,0,3,88,1.7,0.8,209.96,1.1,0.16,0.05
2461,35,22,2546,11058,1.175,22,0,4,13,36,0,0,0,45,1.2,0.57,242.82,1.09,0.18,0.07
2461,35,22,2557,11726,1.744,22,0,4,0,0,0,0,4,90,1.44,0.83,214.55,1.14,0.16,0.06
2461,35,22,2565,13446,2.05,0,0,0,0,0,0,0,0,0,0.0,0.0,0.0,0.0,0.0,0.0
2546,36,33,2567,14280,2.02,0,0,0,0,0,0,0,0,0,0.0,0.0,0.0,0.0,0.0,0.0
2546,36,33,2570,13203,2.012,1,0,0,0,0,0,0,100,0,inf,inf,336.0,1.31,0.01,0.0
2546,36,33,2560,11375,1.374,26,3,88,3,0,0,0,0,3,1.36,0.73,249.35,1.16,0.14,0.05
2546,36,33,2556,15399,2.034,26,0,11,38,0,0,0,0,50,2.25,0.62,209.81,1.17,0.13,0.05
2546,36,33,2572,17088,2.157,24,0,8,4,0,0,0,0,87,1.4,0.85,257.92,1.15,0.11,0.05
2546,36,33,2568,15996,2.163,23,8,69,4,0,0,0,0,17,0.92,0.77,323.7,1.34,0.16,0.06
2546,36,33,2578,16289,1.967,18,0,0,0,0,0,0,0,100,3.5,0.5,216.06,1.16,0.09,0.05
2546,36,33,2580,20460,1.691,41,0,4,2,43,0,0,0,48,1.28,1.05,418.68,1.16,0.21,0.05
2546,36,33,2589,20020,1.655,29,0,0,3,6,0,0,0,89,3.83,1.42,281.41,1.11,0.13,0.05
2546,36,33,2582,26656,2.125,23,0,0,8,47,0,0,0,43,1.3,0.77,430.13,1.15,0.17,0.06
2546,36,33,2590,22134,1.563,26,0,0,7,3,0,0,0,88,0.86,1.6,517.92,1.23,0.18,0.06
2546,36,33,2592,22538,1.619,25,0,0,0,0,0,0,0,100,1.5,0.92,408.68,1.09,0.19,0.06
2546,36,33,2586,25844,1.282,24,0,4,12,0,0,0,0,83,1.18,2.0,378.46,1.23,0.16,0.05
2546,36,33,2594,25740,1.259,27,0,18,11,3,0,0,0,66,1.25,1.45,825.56,1.2,0.18,0.06
2546,36,33,2600,29464,2.19,24,0,4,0,8,0,0,0,87,1.67,0.71,319.04,1.05,0.24,0.07
2546,36,33,2595,32560,1.486,29,0,0,0,0,0,0,0,100,1.42,0.81,411.48,1.18,0.18,0.06
2546,36,33,2591,21186,1.85,17,0,11,0,0,0,0,5,82,2.4,1.12,353.71,1.24,0.13,0.06
2546,36,33,2615,19998,1.96,14,0,0,35,0,0,0,0,64,3.67,1.0,493.71,1.34,0.14,0.07
2546,36,33,2607,18818,2.0,36,2,19,30,0,0,2,2,41,1.12,1.0,381.56,1.31,0.21,0.05
2546,36,33,2616,19044,2.25,15,0,93,0,0,0,0,6,0,2.0,1.5,168.8,1.1,0.14,0.07
2546,36,33,2623,20398,2.309,26,0,7,15,7,0,0,0,69,1.36,1.17,271.0,1.11,0.16,0.05
2546,36,33,2635,21146,2.247,33,3,3,6,3,0,3,3,78,1.36,0.94,250.24,1.15,0.14,0.05
2546,36,33,2642,10950,2.055,10,0,40,20,10,0,0,0,30,1.5,0.67,133.5,1.19,0.11,0.09
2546,36,33,2622,20286,2.112,23,0,0,13,13,0,0,0,73,1.09,0.77,212.65,1.26,0.14,0.06
2546,36,33,2643,10508,2.085,17,0,0,17,23,0,0,0,58,1.83,0.89,152.82,1.19,0.14,0.06
2546,36,33,2629,10064,2.176,36,0,2,2,2,0,2,2,86,1.57,1.0,371.61,1.11,0.18,0.04
2546,36,33,2641,16300,1.63,24,0,4,0,0,0,0,0,95,1.18,1.67,488.92,1.05,0.18,0.06
2546,36,33,2637,24453,1.786,23,0,4,0,8,0,0,0,86,1.3,1.3,464.43,1.17,0.15,0.05
2546,36,33,2649,10209,1.482,16,6,6,12,0,0,0,0,75,1.29,1.0,360.25,1.08,0.15,0.07
2546,36,33,2654,16564,1.624,7,0,14,0,0,0,0,0,85,2.5,0.4,717.71,1.25,0.08,0.06
2621,37,24,2653,36225,2.739,35,0,8,14,45,0,0,0,31,0.84,0.94,238.94,1.28,0.17,0.05
2621,37,24,2657,23460,2.255,50,0,2,6,48,0,0,0,44,1.27,1.0,300.82,1.22,0.21,0.04
2621,37,24,2663,20332,2.402,44,0,40,13,11,0,0,2,31,1.44,1.44,314.14,1.16,0.2,0.05
2621,37,24,2661,20097,2.655,10,0,0,10,10,0,0,0,80,9.0,1.5,312.5,1.24,0.1,0.08
2621,37,24,2665,20928,2.271,13,7,46,7,7,0,0,0,30,2.25,1.17,390.23,0.91,0.14,0.08
2621,37,24,2662,18240,2.021,20,5,15,5,25,0,0,0,50,1.86,1.0,409.35,1.1,0.18,0.06
2621,37,24,2667,48048,1.702,28,0,3,0,0,0,0,0,96,1.8,1.33,563.5,1.1,0.2,0.06
2621,37,24,2672,17176,1.345,22,0,0,0,0,0,0,0,100,1.75,0.57,906.5,1.12,0.2,0.07
2621,37,24,2681,19596,2.315,14,0,0,7,7,0,0,0,85,1.8,1.33,411.93,1.22,0.15,0.08
2621,37,24,2670,19437,2.247,26,0,0,3,0,0,0,0,96,1.36,0.86,418.96,1.2,0.18,0.06
2621,37,24,2678,77025,2.026,32,0,6,9,0,0,0,3,81,0.68,1.29,1188.59,1.11,0.23,0.06
2621,37,24,2683,20564,2.186,12,0,0,0,0,0,8,0,91,2.0,1.0,511.33,1.16,0.1,0.08
2621,37,24,2674,16170,1.467,32,0,12,15,9,0,0,0,62,1.67,1.0,339.03,1.25,0.2,0.05
2621,37,24,2688,25530,2.072,9,22,22,11,0,0,0,0,44,8.0,0.5,464.89,1.27,0.09,0.09
2621,37,24,2690,28892,1.879,15,0,13,13,0,0,0,0,73,4.0,0.88,370.67,1.31,0.12,0.07
2621,37,24,2701,16600,1.66,25,0,20,16,16,0,0,0,48,1.27,0.79,382.76,1.07,0.18,0.06
2621,37,24,2697,16892,1.592,12,0,16,8,8,0,0,0,66,1.4,0.71,264.25,0.97,0.11,0.07
2621,37,24,2703,16366,1.704,21,0,4,14,4,0,0,0,76,1.62,1.1,577.52,1.07,0.17,0.06
2621,37,24,2699,16280,2.102,39,0,10,7,2,0,0,0,79,1.44,1.44,431.85,1.09,0.22,0.05
2621,37,24,2704,19729,1.661,21,0,23,9,4,0,0,0,61,1.33,1.62,336.33,1.14,0.17,0.07
2621,37,24,2709,22420,1.61,29,0,13,20,3,0,0,0,62,0.61,1.23,386.45,1.19,0.16,0.05
2621,37,24,2715,20601,1.734,16,0,25,31,6,0,0,0,37,1.0,1.0,342.12,1.26,0.19,0.08
2621,37,24,2708,26880,1.867,17,0,23,5,0,0,0,0,70,3.25,0.7,500.59,1.29,0.13,0.07
2694,38,22,2728,17346,1.806,13,7,7,0,0,0,0,0,84,1.17,0.86,816.15,1.01,0.14,0.08
2694,38,22,2734,27370,1.933,14,0,0,0,0,0,0,0,100,0.75,0.75,993.93,1.01,0.1,0.06
2694,38,22,2727,27572,2.159,10,0,0,0,0,0,0,0,100,1.0,1.0,386.9,1.08,0.12,0.08
2694,38,22,2733,12615,1.667,14,0,0,0,0,0,0,0,100,0.75,1.33,298.0,1.1,0.13,0.08
2694,38,22,2737,31824,2.325,23,0,0,13,0,0,0,0,86,2.83,0.77,478.22,1.09,0.13,0.06
2694,38,22,2741,18612,1.899,15,6,0,0,0,0,0,0,93,2.75,1.5,336.27,1.04,0.16,0.08
2694,38,22,2723,15355,2.229,19,5,26,5,0,0,0,0,63,1.11,1.11,344.84,1.15,0.13,0.06
2694,38,22,2740,14193,2.06,2,0,100,0,0,0,0,0,0,0.0,inf,299.5,1.42,0.02,0.08
2694,38,22,2755,24849,2.54,0,0,0,0,0,0,0,0,0,0.0,0.0,0.0,0.0,0.0,0.0
2694,38,22,2752,11025,1.96,8,0,12,0,0,0,0,0,87,3.0,0.6,341.5,1.2,0.07,0.07
2694,38,22,2754,43953,1.696,28,0,39,28,3,0,0,0,28,2.5,1.33,305.32,1.18,0.19,0.06
2694,38,22,2756,26355,2.39,30,3,53,0,0,0,0,0,43,1.14,1.5,469.8,1.12,0.16,0.05
2694,38,22,2768,10360,2.114,24,4,20,0,0,0,0,0,75,1.0,0.71,556.29,1.05,0.2,0.06
2694,38,22,2769,49300,1.706,4,0,75,0,0,0,0,0,25,inf,0.33,397.5,1.22,0.05,0.1
2694,38,22,2759,31122,1.759,22,4,4,0,0,0,0,0,90,1.44,1.2,808.91,1.17,0.16,0.06
2694,38,22,2773,10877,2.041,18,0,5,5,0,0,0,0,88,1.57,1.0,511.28,1.12,0.14,0.06
2694,38,22,2762,34136,1.846,5,60,20,0,0,0,0,0,20,1.5,0.0,356.0,1.19,0.06,0.1
2694,38,22,2779,12246,2.013,10,0,20,0,0,0,0,0,80,4.0,1.0,584.7,0.98,0.11,0.08
2694,38,22,2766,19716,2.28,4,0,100,0,0,0,0,0,0,inf,0.0,186.0,1.24,0.03,0.05
2694,38,22,2791,52155,1.784,18,0,11,0,0,0,0,0,88,5.0,1.25,814.56,1.19,0.11,0.05
2837,39,51,2792,27328,2.179,2,0,0,0,0,0,0,0,100,inf,inf,964.0,1.11,0.02,0.07
2837,39,51,2793,13800,1.63,8,0,0,0,0,0,0,0,100,3.0,1.0,844.25,1.07,0.1,0.11
2837,39,51,2798,13900,1.39,17,0,11,0,0,0,0,0,88,2.4,1.12,429.82,1.09,0.1,0.05
2837,39,51,2802,13837,1.356,7,0,0,0,0,0,0,0,100,1.33,0.75,474.0,1.09,0.08,0.08
2837,39,51,2801,13708,1.62,17,0,23,5,0,0,5,0,64,1.43,0.42,283.59,1.07,0.13,0.06
2837,39,51,2804,12384,1.674,19,10,78,5,0,0,0,0,5,0.9,0.9,294.84,1.0,0.16,0.07
2837,39,51,2809,18200,1.82,4,75,25,0,0,0,0,0,0,3.0,0.0,210.25,1.04,0.04,0.1
2837,39,51,2803,18100,1.81,6,0,100,0,0,0,0,0,0,5.0,0.5,179.5,1.23,0.07,0.08
2837,39,51,2815,20176,1.865,8,12,25,0,0,0,12,12,37,1.67,7.0,516.0,1.06,0.07,0.08
2837,39,51,2822,22400,1.786,3,66,0,0,0,0,0,33,0,0.5,0.0,529.33,1.41,0.03,0.09
2837,39,51,2818,16182,1.871,21,0,19,0,0,0,0,0,80,1.33,0.75,390.29,1.1,0.15,0.06
2837,39,51,2823,20130,1.664,3,33,33,0,0,0,0,0,33,inf,0.0,430.67,1.09,0.03,0.09
2837,39,51,2836,25750,1.648,7,0,28,0,0,0,0,0,71,inf,0.4,365.71,1.17,0.07,0.07
2837,39,51,2833,22454,1.89,1,100,0,0,0,0,0,0,0,inf,0.0,494.0,1.37,0.01,0.0
2837,39,51,2838,14742,1.78,10,0,0,10,20,0,0,0,70,1.5,0.25,175.0,0.97,0.07,0.06
2837,39,51,2829,15288,1.846,16,0,0,12,0,0,0,0,87,1.67,1.29,459.38,1.03,0.13,0.08
2837,39,51,2837,13528,1.708,24,0,0,4,8,0,0,0,87,0.6,0.85,305.0,1.04,0.18,0.06
2837,39,51,2840,15390,1.705,8,0,12,0,0,0,0,0,87,3.0,1.67,586.25,1.06,0.08,0.09
2837,39,51,2846,17700,1.271,1,0,100,0,0,0,0,0,0,0.0,inf,884.0,1.31,0.01,0.0
2837,39,51,2844,14647,1.557,4,0,25,0,0,0,0,0,75,0.0,1.0,604.75,1.28,0.05,0.08
2837,39,51,2856,12546,1.866,17,11,29,0,0,0,11,0,47,3.25,1.12,325.76,1.18,0.14,0.07
2837,39,51,2848,12388,2.145,5,0,40,20,0,0,0,0,40,0.67,0.67,593.6,1.2,0.06,0.11
2837,39,51,2859,10287,1.57,0,0,0,0,0,0,0,0,0,0.0,0.0,0.0,0.0,0.0,0.0
2837,39,51,2847,17100,2.111,5,20,60,0,0,0,20,0,0,0.0,4.0,508.4,1.36,0.05,0.1
2837,39,51,2872,12126,1.64,10,10,30,10,0,0,0,10,40,0.67,2.33,453.9,1.13,0.09,0.08
2837,39,51,2874,8120,1.657,17,0,0,0,0,0,0,0,100,2.4,0.7,355.53,1.03,0.11,0.06
2837,39,51,2879,16376,2.067,4,0,0,0,0,0,0,0,100,3.0,0.0,292.75,1.08,0.04,0.08
2837,39,51,2885,9680,1.512,23,0,0,0,0,0,0,0,100,2.83,1.09,478.87,1.04,0.14,0.06
2837,39,51,2875,10922,1.477,16,0,31,0,0,0,0,6,62,0.78,1.29,139.75,1.18,0.13,0.07
2837,39,51,2882,16512,1.792,18,0,22,0,0,0,0,0,77,2.6,1.57,204.11,1.11,0.12,0.06
2837,39,51,2884,28248,1.621,17,0,0,0,0,0,0,0,100,2.4,1.12,458.47,1.07,0.14,0.06
2837,39,51,2886,7056,1.361,10,0,0,0,0,0,0,0,100,4.0,0.67,439.6,1.14,0.11,0.09
2837,39,51,2904,7275,1.293,1,0,100,0,0,0,0,0,0,inf,0.0,500.0,1.25,0.01,0.0
2837,39,51,2898,9120,1.58,0,0,0,0,0,0,0,0,0,0.0,0.0,0.0,0.0,0.0,0.0
2837,39,51,2892,9120,1.579,19,0,31,10,0,0,0,0,57,1.11,0.19,173.11,1.13,0.12,0.06
2837,39,51,2900,10336,1.789,3,33,66,0,0,0,0,0,0,2.0,0.0,376.67,1.14,0.02,0.17
2837,39,51,2889,10350,1.84,6,0,0,33,0,0,0,0,66,0.2,2.0,259.67,0.94,0.06,0.08
2837,39,51,2896,11935,2.013,23,4,8,0,0,0,0,0,86,4.75,0.77,385.61,1.19,0.12,0.05
2837,39,51,2905,12103,1.462,18,5,22,5,0,0,0,0,66,1.25,0.2,432.22,1.15,0.15,0.07
2837,39,51,2908,12848,1.66,0,0,0,0,0,0,0,0,0,0.0,0.0,0.0,0.0,0.0,0.0
2837,39,51,2915,21413,1.211,16,0,31,6,0,0,6,0,56,2.2,1.67,207.5,1.14,0.17,0.07
2837,39,51,2915,21413,1.211,16,0,31,6,0,0,6,0,56,2.2,1.67,207.5,1.14,0.17,0.07
2837,39,51,2918,13857,1.602,22,0,4,4,0,0,0,0,90,1.75,0.83,660.91,1.06,0.14,0.06
2837,39,51,2907,14946,1.691,24,4,20,0,0,0,0,0,75,1.18,1.67,605.88,1.09,0.19,0.06
2837,39,51,2913,16536,1.529,16,6,31,0,0,0,0,0,62,1.0,0.6,465.0,1.13,0.12,0.07
2837,39,51,2917,21539,1.52,0,0,0,0,0,0,0,0,0,0.0,0.0,0.0,0.0,0.0,0.0
2837,39,51,2921,18550,1.651,23,4,4,0,0,0,0,0,91,1.88,0.77,352.26,1.08,0.13,0.05
2837,39,51,2923,27472,1.485,2,50,0,0,0,0,0,0,50,1.0,0.0,372.0,1.36,0.02,0.21
2837,39,51,2935,27675,1.519,6,0,33,16,16,0,0,0,33,5.0,1.0,550.83,1.08,0.06,0.08
2837,39,51,2937,26703,1.605,26,0,0,7,0,0,0,0,92,2.71,1.0,363.81,1.15,0.17,0.06
2837,39,51,2944,10624,1.542,13,0,0,0,0,0,0,0,100,1.17,0.44,741.31,1.01,0.14,0.08
2907,40,27,2963,6320,0.988,20,0,15,0,10,0,0,0,75,1.22,0.67,1133.3,1.11,0.19,0.07
2907,40,27,2957,14580,1.8,23,0,43,30,0,0,0,0,26,1.88,0.53,244.87,1.06,0.13,0.05
2907,40,27,2961,14432,1.864,19,0,0,5,10,0,0,0,84,0.73,1.11,238.53,1.15,0.16,0.06
2907,40,27,2958,14580,1.8,24,0,4,8,0,0,0,0,87,1.0,1.0,151.17,1.08,0.13,0.05
2907,40,27,2954,13188,1.869,25,0,12,0,0,0,0,4,84,1.27,1.5,301.48,1.06,0.16,0.05
2907,40,27,2974,19206,2.041,43,0,46,0,0,0,0,0,53,0.95,0.87,297.53,1.08,0.15,0.04
2907,40,27,2953,10320,1.613,23,0,21,4,0,0,0,0,73,1.88,0.64,329.0,1.1,0.13,0.05
2907,40,27,2977,13778,2.0,16,6,31,0,0,0,0,0,62,1.29,0.45,312.25,1.05,0.12,0.06
2907,40,27,2976,14700,1.531,15,0,93,0,0,0,0,0,6,4.0,0.25,379.33,1.24,0.15,0.07
2907,40,27,2984,18430,2.04,0,0,0,0,0,0,0,0,0,0.0,0.0,0.0,0.0,0.0,0.0
2907,40,27,2982,15390,1.9,23,0,39,21,0,0,0,0,39,1.56,0.44,249.57,1.09,0.16,0.06
2907,40,27,2975,15050,2.035,13,0,30,0,7,0,0,0,61,0.62,0.86,188.46,1.04,0.12,0.07
2907,40,27,2985,16376,1.935,24,0,45,0,0,0,0,0,54,2.43,0.85,261.83,1.03,0.17,0.06
2907,40,27,2990,15198,1.461,16,50,50,0,0,0,0,0,0,4.33,1.67,318.81,1.11,0.13,0.06
2907,40,27,2991,38880,1.519,41,0,56,12,2,0,0,2,26,1.73,1.05,242.73,1.11,0.18,0.04
2907,40,27,2994,16380,2.022,34,8,79,0,0,0,0,0,11,0.89,0.55,438.38,1.08,0.17,0.05
2907,40,27,3005,10944,1.895,33,3,48,6,12,0,6,0,24,1.54,1.2,177.85,1.05,0.15,0.04
2907,40,27,3007,25370,1.822,5,0,100,0,0,0,0,0,0,0.67,1.5,490.0,1.08,0.06,0.15
2907,40,27,3000,16920,2.089,18,0,5,0,0,0,0,0,94,0.8,0.8,329.44,1.04,0.18,0.07
2907,40,27,3014,15824,1.87,16,0,0,0,0,0,0,0,100,1.29,0.6,336.81,1.03,0.16,0.08
2907,40,27,3012,17721,1.808,22,4,4,0,0,0,0,0,90,1.2,1.0,428.09,1.08,0.19,0.06
2907,40,27,3002,16356,1.216,8,0,12,0,0,0,0,0,87,3.0,3.0,379.88,1.08,0.08,0.07
2907,40,27,3017,16107,1.945,18,0,0,5,0,0,0,0,94,2.0,0.8,408.5,1.13,0.15,0.06
2907,40,27,3025,25296,1.645,3,0,66,0,0,0,0,0,33,2.0,0.5,216.0,1.15,0.03,0.16
2907,40,27,3032,14194,1.606,6,0,16,0,0,0,0,0,83,1.0,1.0,325.33,1.0,0.06,0.11
2907,40,27,3027,9360,1.538,28,0,28,7,3,0,0,0,60,1.33,1.15,209.82,1.1,0.14,0.05
2988,41,24,3048,15675,1.737,16,0,0,0,0,0,0,0,100,3.0,0.78,209.81,1.15,0.12,0.06
2988,41,24,3043,12150,1.852,24,20,20,4,0,0,0,0,54,0.6,1.18,520.29,1.12,0.15,0.06
2988,41,24,3047,12814,1.733,24,12,41,0,0,0,0,0,45,1.0,1.4,379.92,1.09,0.14,0.06
2988,41,24,3072,16005,1.701,33,0,3,0,3,0,0,0,93,1.54,1.06,397.88,0.99,0.19,0.05
2988,41,24,3057,29555,2.235,26,3,11,3,3,0,0,0,76,1.36,0.86,490.31,1.1,0.15,0.05
2988,41,24,3063,27816,2.14,7,0,14,0,14,0,0,0,71,0.75,1.33,554.57,0.98,0.07,0.1
2988,41,24,3074,21012,1.981,19,5,0,0,0,0,0,0,94,3.75,0.73,664.05,1.1,0.11,0.06
2988,41,24,3077,24976,1.99,0,0,0,0,0,0,0,0,0,0.0,0.0,0.0,0.0,0.0,0.0
2988,41,24,3080,28188,2.095,10,10,40,0,0,0,0,0,50,9.0,1.5,584.6,1.2,0.08,0.08
2988,41,24,3085,7560,1.458,29,0,24,6,6,0,0,0,62,1.42,0.93,547.21,1.05,0.2,0.06
2988,41,24,3096,32619,1.901,23,0,4,0,0,0,0,0,95,1.88,0.92,437.0,1.05,0.18,0.06
2988,41,24,3092,39858,1.87,10,0,20,0,0,0,0,0,80,9.0,0.11,314.8,1.07,0.09,0.07
2988,41,24,3090,12320,1.925,30,3,10,0,0,0,0,0,86,1.5,1.0,557.93,1.06,0.16,0.05
2988,41,24,3110,8850,1.573,9,0,0,0,0,0,0,0,100,3.5,1.25,360.0,1.09,0.11,0.08
2988,41,24,3108,26520,1.569,10,0,0,0,0,0,0,0,100,1.0,1.0,556.5,1.07,0.1,0.07
2988,41,24,3112,13746,2.203,7,14,28,0,0,0,0,0,57,0.75,6.0,642.43,1.21,0.08,0.11
2988,41,24,3094,11520,1.8,19,0,31,5,31,0,0,0,31,8.5,0.58,224.16,1.19,0.12,0.05
2988,41,24,3122,21700,1.411,1,100,0,0,0,0,0,0,0,inf,0.0,198.0,1.64,0.01,0.0
2988,41,24,3132,10080,1.575,23,0,0,4,0,0,0,0,95,1.09,1.56,397.96,1.02,0.15,0.06
2988,41,24,3127,15120,1.867,17,58,41,0,0,0,0,0,0,1.83,1.43,297.06,1.22,0.11,0.06
3026,42,9,3136,17028,1.737,18,0,61,0,0,0,0,0,38,2.6,0.64,344.89,1.06,0.12,0.06
3026,42,9,3155,20826,1.521,21,0,9,4,14,0,0,0,71,1.33,1.1,304.71,1.2,0.14,0.06
3026,42,9,3137,10164,1.714,17,0,0,0,11,0,0,0,88,1.83,0.55,255.0,1.05,0.13,0.06
3026,42,9,3157,11154,1.833,1,0,100,0,0,0,0,0,0,inf,inf,486.0,1.5,0.01,0.0
3026,42,9,3159,11899,2.233,20,0,15,15,5,0,0,5,60,1.5,1.22,239.75,1.08,0.15,0.05
3026,42,9,3169,12798,2.051,22,0,40,9,0,0,0,0,50,1.0,0.57,195.77,1.16,0.19,0.06
3026,42,9,3182,8364,1.809,31,0,0,0,0,0,0,0,100,1.07,1.07,333.39,1.06,0.17,0.05
3026,42,9,3170,7424,1.812,17,0,11,11,17,0,0,0,58,0.7,1.83,206.12,1.01,0.14,0.06
3026,42,9,3186,19552,2.213,11,0,0,0,18,0,0,0,81,0.83,1.2,358.45,1.08,0.12,0.09
3059,43,17,3166,17572,2.076,14,14,14,0,0,0,7,14,50,2.5,1.0,343.0,1.09,0.1,0.06
3059,43,17,3188,24525,2.064,18,16,22,0,0,0,0,0,61,0.64,0.64,622.78,1.13,0.12,0.06
3059,43,17,3190,26910,2.035,12,8,16,0,0,0,0,0,75,3.0,0.33,277.75,1.3,0.12,0.07
3059,43,17,3175,25725,2.333,11,0,27,9,0,0,0,0,63,1.75,1.2,218.82,1.22,0.08,0.07
3059,43,17,3215,9072,1.75,26,0,92,7,0,0,0,0,0,0.62,0.86,105.88,1.21,0.15,0.05
3059,43,17,3214,10648,1.375,16,0,0,0,0,0,0,0,100,2.2,0.6,632.81,1.16,0.15,0.07
3059,43,17,3226,24072,1.729,25,0,28,0,0,0,0,0,72,1.78,0.79,668.76,1.3,0.17,0.06
3059,43,17,3211,10584,1.5,17,11,64,0,0,0,0,0,23,3.25,1.12,347.88,1.23,0.12,0.06
3059,43,17,3237,31500,2.016,27,0,3,0,0,0,0,0,96,1.25,0.8,459.22,1.04,0.16,0.05
3059,43,17,3224,13432,1.587,16,6,12,6,0,0,0,0,75,2.2,3.0,242.19,1.19,0.12,0.06
3059,43,17,3241,29869,2.109,16,0,0,0,0,0,0,0,100,1.67,1.29,359.31,1.03,0.15,0.07
3059,43,17,3229,11659,1.472,3,0,0,0,0,0,0,0,100,inf,0.5,437.0,1.26,0.03,0.07
3059,43,17,3235,15352,1.505,16,0,31,18,6,0,0,0,43,3.0,1.0,236.81,1.15,0.13,0.06
3059,43,17,3240,19995,2.312,30,3,40,23,0,0,0,0,33,1.14,0.76,546.5,1.16,0.17,0.05
3139,44,24,3243,13104,1.582,16,0,31,6,0,0,0,0,62,1.29,0.45,344.19,1.11,0.12,0.07
3139,44,24,3245,12600,1.556,25,16,80,0,0,0,0,0,4,1.5,0.92,453.36,1.07,0.21,0.07
3139,44,24,3276,3186,0.915,11,0,18,18,18,0,0,0,45,0.83,0.83,128.55,1.06,0.09,0.07
3139,44,24,3277,10508,1.919,15,0,6,20,53,0,0,0,20,1.5,2.75,132.67,1.15,0.12,0.07
3139,44,24,3295,12482,2.0,18,0,83,11,5,0,0,0,0,1.57,1.0,164.61,1.15,0.13,0.06
3139,44,24,3269,11325,2.013,23,0,0,0,4,0,0,4,91,1.56,1.09,247.09,1.08,0.14,0.06
3139,44,24,3287,13674,1.849,17,5,17,5,0,0,0,0,70,1.43,1.43,284.65,1.21,0.13,0.06
3139,44,24,3298,13920,1.839,19,0,0,15,0,0,5,0,78,1.11,1.38,181.74,1.21,0.13,0.06
3139,44,24,3292,13038,1.939,32,3,12,9,0,0,3,0,71,1.67,0.68,411.53,1.11,0.19,0.05
3139,44,24,3286,21645,1.581,13,0,0,7,0,0,0,0,92,2.25,0.86,242.0,1.08,0.1,0.06
3139,44,24,3303,20424,1.658,17,0,0,5,5,0,0,5,82,1.83,0.89,126.76,1.16,0.15,0.06
3139,44,24,3305,28842,1.514,39,0,20,17,0,0,0,0,61,1.6,1.05,335.82,1.21,0.2,0.05
3139,44,24,3307,24495,1.852,47,0,55,17,0,0,0,0,27,1.47,0.96,381.09,1.06,0.21,0.05
3139,44,24,3313,30592,1.867,35,0,20,11,11,0,0,0,57,1.5,0.94,426.17,1.16,0.19,0.05
3139,44,24,3324,10875,1.933,28,0,28,3,7,0,0,7,53,1.33,0.56,257.46,1.2,0.21,0.06
3139,44,24,3335,24307,2.046,8,50,25,0,0,0,0,0,25,3.0,0.6,481.62,1.23,0.08,0.08
3139,44,24,3309,32007,1.61,17,0,0,0,0,0,0,0,100,1.12,0.7,274.41,1.1,0.14,0.06
3139,44,24,3317,13616,1.609,18,33,11,5,0,0,0,0,50,1.25,0.5,458.17,1.16,0.14,0.07
3139,44,24,3334,14949,1.525,21,0,4,0,23,0,0,0,71,0.91,0.91,256.71,1.2,0.19,0.07
3139,44,24,3336,16720,1.853,24,4,4,4,0,0,0,0,87,3.0,1.0,358.75,1.2,0.17,0.06
3218,45,15,3348,15936,1.729,2,0,0,0,0,0,0,0,100,0.0,1.0,640.5,1.27,0.02,0.08
3218,45,15,3339,20412,1.75,7,0,14,0,0,0,0,0,85,2.5,1.33,539.29,1.08,0.07,0.08
3218,45,15,3341,6912,1.333,31,0,3,3,35,0,0,0,58,1.21,1.07,164.87,1.14,0.16,0.05
3218,45,15,3360,5270,1.371,2,0,0,0,0,0,0,0,100,inf,0.0,212.5,1.36,0.02,0.07
3218,45,15,3363,6204,1.424,12,0,0,25,25,0,0,8,41,5.0,0.71,151.92,1.14,0.1,0.07
3218,45,15,3383,7154,1.342,32,0,9,6,15,0,0,0,68,0.88,1.67,244.03,1.1,0.18,0.05
3218,45,15,3391,6958,1.38,33,0,18,12,24,0,0,0,45,1.36,0.94,231.67,1.16,0.23,0.06
3218,45,15,3386,6868,1.485,31,0,16,3,0,0,3,0,77,2.1,0.94,437.48,1.16,0.2,0.06
3218,45,15,3384,8316,1.403,27,25,22,0,3,0,3,3,40,1.45,1.7,258.19,1.11,0.16,0.06
3218,45,15,3404,9558,1.457,8,0,75,0,0,0,12,0,12,1.0,1.0,169.25,1.07,0.09,0.08
3218,45,15,3388,9690,1.341,12,0,41,0,0,0,0,0,58,1.4,0.71,186.92,1.07,0.11,0.07
3303,46,27,3398,12320,2.078,17,5,29,5,0,0,0,0,58,2.4,0.89,125.76,1.06,0.14,0.06
3303,46,27,3400,12371,1.562,29,3,37,17,0,0,0,0,41,0.93,0.81,237.59,1.19,0.16,0.05
3303,46,27,3407,9396,1.432,32,3,78,0,0,0,0,0,18,1.13,1.13,275.19,1.02,0.21,0.06
3303,46,27,3406,8352,1.611,17,0,58,11,0,0,0,0,29,1.43,1.12,247.47,1.12,0.17,0.07
3303,46,27,3424,14415,1.667,31,3,58,16,0,0,0,0,22,1.38,0.82,271.84,0.98,0.18,0.05
3303,46,27,3412,14345,1.589,24,0,4,4,0,0,0,0,91,1.18,0.71,226.83,1.12,0.16,0.06
3303,46,27,3416,14996,1.772,24,0,4,0,0,0,0,0,95,1.0,1.0,189.54,1.14,0.14,0.05
3303,46,27,3419,15617,1.66,21,0,14,9,19,0,0,0,57,1.62,0.5,190.57,1.11,0.15,0.06
3303,46,27,3422,15792,1.787,23,0,0,13,4,0,0,0,82,1.3,0.53,224.09,1.15,0.13,0.05
3303,46,27,3423,16910,1.874,24,0,25,4,4,0,0,0,66,1.4,0.85,207.71,1.16,0.15,0.06
3303,46,27,3426,7776,1.5,21,4,80,4,0,0,0,0,9,1.33,0.91,143.95,1.06,0.15,0.06
3303,46,27,3425,9324,1.321,34,0,50,14,8,0,0,0,26,1.43,0.79,161.03,1.16,0.22,0.05
3303,46,27,3438,10125,1.543,7,28,28,0,0,0,0,0,42,1.33,0.17,449.14,1.1,0.07,0.08
3303,46,27,3440,10692,1.63,40,0,65,5,17,0,0,0,12,1.22,1.11,148.45,1.13,0.2,0.05
3303,46,27,3436,10578,1.57,0,0,0,0,0,0,0,0,0,0.0,0.0,0.0,0.0,0.0,0.0
3303,46,27,3430,9720,1.481,25,0,4,8,0,0,0,0,88,1.5,0.92,156.6,1.06,0.13,0.05
3303,46,27,3441,9912,1.405,9,22,0,0,0,0,0,0,77,2.0,0.29,541.67,1.15,0.08,0.07
3303,46,27,3443,11340,1.4,37,8,21,5,5,0,2,0,56,1.06,1.18,163.05,1.12,0.13,0.04
3303,46,27,3452,14280,1.295,24,0,8,29,20,0,0,0,41,1.4,0.85,217.71,1.29,0.14,0.05
3303,46,27,3432,8174,1.821,12,0,0,0,0,0,0,0,100,0.71,0.33,308.92,1.11,0.1,0.06
3303,46,27,3446,6976,1.703,26,0,0,0,0,0,0,0,100,1.36,1.0,174.15,1.05,0.15,0.06
3303,46,27,3450,6900,1.917,30,0,13,10,6,0,0,0,70,0.76,1.31,123.53,1.16,0.14,0.04
3303,46,27,3444,22375,1.432,26,0,3,7,7,0,0,0,80,0.62,0.86,130.46,1.18,0.12,0.05
3303,46,27,3454,25800,1.792,32,3,59,0,0,0,0,0,37,1.13,1.29,408.44,1.07,0.2,0.06
3303,46,27,3455,26325,1.923,48,4,20,8,2,0,0,0,64,1.53,0.85,387.23,1.13,0.2,0.04
3303,46,27,3471,7995,1.892,31,0,32,12,0,0,0,0,54,1.58,0.82,159.06,1.1,0.15,0.05
3303,46,27,3457,9900,1.76,8,0,0,12,0,0,0,0,87,1.67,1.0,415.62,1.08,0.07,0.08
3362,47,22,3464,10074,1.89,36,5,16,0,0,0,0,0,77,1.77,1.12,445.28,1.08,0.22,0.05
3362,47,22,3476,12397,2.091,24,0,62,8,0,0,0,0,29,1.67,1.4,225.92,1.15,0.14,0.05
3362,47,22,3475,13013,2.195,37,24,43,8,0,0,0,0,24,1.85,0.95,163.57,1.07,0.18,0.05
3362,47,22,3465,17836,1.857,34,0,32,2,0,0,0,0,64,3.86,0.89,195.56,1.07,0.13,0.04
3362,47,22,3473,10080,2.057,46,0,54,2,2,0,0,0,41,1.71,1.0,565.09,1.14,0.23,0.05
3362,47,22,3484,22967,1.622,39,0,53,0,0,0,0,0,46,1.29,1.17,534.85,1.12,0.18,0.04
3362,47,22,3481,14900,1.49,13,0,15,0,15,0,0,0,69,2.25,1.17,238.38,1.16,0.15,0.08
3362,47,22,3479,14857,2.157,27,0,3,7,3,0,0,0,85,2.86,0.8,387.33,1.07,0.17,0.06
3362,47,22,3487,18656,1.66,13,0,0,0,0,0,0,0,100,0.44,0.86,134.08,1.05,0.1,0.06
3362,47,22,3503,16182,1.871,14,7,7,7,7,0,0,0,71,1.33,1.0,167.93,1.08,0.14,0.07
3362,47,22,3489,16800,1.823,14,0,0,21,28,0,0,0,50,1.0,0.56,186.36,1.09,0.12,0.06
3362,47,22,3488,7442,2.0,51,1,15,3,15,0,0,0,62,2.64,1.22,229.78,1.16,0.2,0.04
3362,47,22,3498,8175,1.453,15,0,33,6,20,0,0,0,40,4.0,1.5,165.6,1.16,0.14,0.06
3362,47,22,3491,7198,2.068,37,0,18,10,0,0,0,0,70,1.64,1.06,275.86,1.18,0.15,0.04
3362,47,22,3500,7006,1.823,26,0,19,0,0,0,0,0,80,1.6,0.73,280.46,1.2,0.14,0.05
3362,47,22,3505,4848,2.104,26,0,7,7,0,0,0,0,84,2.25,1.0,337.73,1.15,0.12,0.05
3362,47,22,3508,9315,1.957,15,0,6,0,0,0,0,0,93,4.0,1.14,277.6,1.09,0.15,0.07
3362,47,22,3504,9039,1.899,14,7,7,0,0,0,0,0,85,1.8,1.33,198.79,1.05,0.13,0.07
3362,47,22,3509,6048,1.929,21,0,4,14,4,0,0,0,76,2.5,1.1,215.19,1.11,0.13,0.05
3362,47,22,3518,8710,2.062,2,0,0,50,0,0,0,0,50,inf,1.0,187.5,1.22,0.02,0.09
3445,48,16,3577,12118,1.759,39,0,10,10,61,0,0,0,17,1.6,1.29,175.54,1.1,0.18,0.05
3445,48,16,3571,12495,1.729,19,0,15,5,10,0,0,0,68,5.33,0.58,246.05,1.17,0.14,0.06
3445,48,16,3575,13120,1.951,36,5,33,11,25,0,0,0,25,1.12,0.89,220.97,1.08,0.17,0.05
3445,48,16,3595,17220,1.562,21,0,38,0,52,0,0,0,9,2.0,1.62,151.24,1.06,0.17,0.06
3445,48,16,3579,17544,1.686,57,0,19,5,43,0,0,0,31,1.59,0.84,257.61,1.05,0.17,0.04
3445,48,16,3582,17745,1.61,38,0,39,15,18,0,0,0,26,2.8,1.11,258.71,0.99,0.16,0.04
3445,48,16,3587,17655,1.542,23,0,91,0,0,0,0,0,8,1.09,0.53,227.74,1.04,0.12,0.05
3445,48,16,3601,19030,1.573,12,0,8,0,0,0,0,0,91,1.0,0.71,89.67,1.11,0.11,0.07
3445,48,16,3602,16005,1.701,20,0,50,15,15,0,0,0,20,1.86,1.0,192.55,1.28,0.15,0.06
3445,48,16,3598,4140,1.15,24,0,83,0,0,0,0,0,16,1.67,0.6,277.67,1.16,0.13,0.05
3445,48,16,3605,11692,1.873,21,0,0,0,0,0,0,0,100,0.75,0.91,206.62,1.07,0.14,0.06
3445,48,16,3609,17819,1.68,36,0,0,0,0,0,0,0,100,1.0,0.64,281.94,1.04,0.2,0.05
3445,48,16,3606,19372,1.44,14,0,0,0,50,0,0,0,50,1.33,0.56,239.43,1.07,0.11,0.06
3445,48,16,3623,8890,1.814,24,0,0,0,8,0,0,0,91,3.8,1.4,340.79,1.15,0.18,0.06
3445,48,16,3611,8680,1.771,25,0,0,8,24,0,0,0,68,2.12,1.27,148.08,1.19,0.13,0.05
3445,48,16,3624,13662,1.394,35,0,0,2,2,0,0,0,94,1.33,1.06,167.69,1.1,0.14,0.04
3550,49,25,3625,14178,1.363,38,0,2,13,2,0,0,0,81,1.71,0.65,176.87,1.07,0.18,0.05
3550,49,25,3629,36432,2.091,30,0,13,6,3,0,0,0,76,1.5,0.67,499.0,1.07,0.17,0.05
3550,49,25,3637,50120,1.564,34,0,0,8,20,0,0,0,70,1.12,1.62,590.68,1.11,0.21,0.06
3550,49,25,3632,50224,1.698,40,0,12,2,30,0,0,0,55,1.35,1.0,334.25,1.08,0.16,0.04
3550,49,25,3635,44988,1.693,44,0,43,2,0,0,0,0,54,0.91,0.83,334.41,1.11,0.19,0.05
3550,49,25,3642,8418,1.768,21,0,19,4,4,0,0,0,71,1.62,1.1,289.71,1.09,0.15,0.07
3550,49,25,3627,11169,2.096,20,0,65,0,0,0,0,0,35,1.22,1.0,100.0,1.04,0.13,0.06
3550,49,25,3634,12000,1.875,24,0,16,8,16,0,0,0,58,1.0,0.71,239.75,1.06,0.15,0.05
3550,49,25,3650,15225,2.011,40,0,5,5,40,0,0,0,50,1.5,0.74,120.75,1.09,0.16,0.04
3550,49,25,3641,15573,2.057,40,0,12,2,5,0,0,0,80,2.08,0.9,156.75,1.01,0.11,0.04
3550,49,25,3646,16647,1.925,27,0,7,3,0,0,0,0,88,1.7,0.42,190.85,1.05,0.11,0.05
3550,49,25,3658,17014,1.926,16,0,0,0,0,0,0,12,87,1.29,0.6,407.12,1.12,0.16,0.07
3550,49,25,3667,15886,1.798,18,0,0,0,0,0,0,0,100,1.57,1.25,251.39,1.05,0.15,0.07
3550,49,25,3664,17400,1.74,26,0,0,3,23,0,0,0,73,1.89,0.86,254.08,1.17,0.14,0.05
3550,49,25,3662,10829,1.308,9,0,0,0,0,0,0,0,100,3.5,0.8,226.0,1.12,0.07,0.05
3550,49,25,3665,22624,1.804,28,0,14,7,0,0,0,0,78,1.33,1.0,184.32,1.07,0.12,0.05
3550,49,25,3693,14181,1.874,33,3,24,6,0,0,0,0,66,1.36,1.54,147.18,1.05,0.16,0.04
3550,49,25,3670,25990,2.035,33,0,30,0,0,0,0,0,69,1.2,1.06,344.18,0.99,0.17,0.05
3550,49,25,3675,10153,2.014,51,0,41,1,0,0,0,0,56,1.22,1.12,384.14,1.05,0.19,0.04
3550,49,25,3704,11704,2.026,26,3,30,3,7,0,0,0,53,0.86,1.0,214.19,1.16,0.15,0.05
3550,49,25,3655,13280,2.075,15,0,46,0,40,0,0,0,13,1.14,0.88,141.53,1.13,0.12,0.07
3550,49,25,3697,30590,2.313,45,0,11,6,11,0,0,0,71,1.25,0.67,355.42,1.08,0.17,0.04
3550,49,25,3677,10710,2.186,4,25,50,0,0,0,0,0,25,inf,0.33,385.25,1.18,0.03,0.07
3550,49,25,3713,7931,1.338,26,0,0,3,3,0,0,0,92,1.36,1.17,342.42,1.12,0.16,0.06
3550,49,25,3700,11288,1.639,7,0,0,0,0,0,0,0,100,inf,0.75,442.57,1.16,0.1,0.09
3646,50,30,3721,11154,1.833,15,0,0,0,0,0,0,0,100,2.75,0.67,203.67,1.09,0.13,0.06
3646,50,30,3719,10212,1.865,32,0,6,0,0,0,0,0,93,0.88,0.78,396.12,1.02,0.16,0.05
3646,50,30,3727,10716,1.855,15,6,20,0,0,0,0,0,73,0.88,2.0,248.4,1.14,0.08,0.06
3646,50,30,3718,11613,1.861,41,0,97,0,0,0,0,0,2,1.56,1.56,130.54,1.16,0.15,0.04
3646,50,30,3739,12382,1.841,9,33,55,0,0,0,0,0,11,1.25,1.25,176.89,1.08,0.07,0.07
3646,50,30,3747,9464,1.143,3,0,100,0,0,0,0,0,0,inf,2.0,188.67,1.26,0.04,0.1
3646,50,30,3736,12096,1.312,15,0,0,0,0,0,0,0,100,2.0,0.36,163.2,1.13,0.09,0.06
3646,50,30,3757,6985,2.309,29,0,0,6,0,0,0,0,93,3.14,0.81,159.45,1.11,0.12,0.04
3646,50,30,3737,10353,1.368,12,0,8,8,25,0,0,0,58,5.0,0.71,138.75,1.18,0.08,0.05
3646,50,30,3742,11726,1.744,17,0,0,0,0,0,0,0,100,2.4,0.7,158.24,1.07,0.15,0.07
3646,50,30,3754,5916,1.279,18,11,33,0,0,0,0,0,55,2.6,1.25,186.67,1.23,0.09,0.05
3646,50,30,3755,6510,1.329,44,0,43,6,36,0,0,0,13,1.32,0.69,278.36,1.04,0.22,0.05
3646,50,30,3766,12672,1.636,23,0,0,0,0,0,0,0,100,1.09,0.64,202.26,1.09,0.15,0.06
3646,50,30,3771,13156,1.554,23,0,0,0,8,0,0,0,91,0.92,0.92,267.78,1.1,0.17,0.06
3646,50,30,3777,11544,1.897,24,0,4,0,0,0,0,0,95,1.18,1.0,243.04,1.12,0.16,0.06
3646,50,30,3768,11890,1.768,29,0,3,3,17,0,0,0,75,1.23,0.93,261.45,1.09,0.16,0.05
3646,50,30,3789,14651,1.769,15,0,26,0,0,0,0,0,73,1.14,0.67,182.73,1.18,0.15,0.08
3646,50,30,3779,7705,1.716,27,0,14,0,0,0,0,0,85,1.25,0.93,226.85,1.11,0.18,0.06
3646,50,30,3790,7524,1.727,12,0,0,8,0,0,0,0,91,1.0,0.71,102.17,1.06,0.12,0.07
3646,50,30,3797,14070,1.276,27,0,18,0,22,0,0,0,59,0.93,1.7,246.74,1.15,0.18,0.06
3646,50,30,3807,14729,1.388,37,0,35,5,13,0,0,0,45,1.64,1.18,320.24,1.12,0.19,0.05
3646,50,30,3821,17064,1.463,15,0,0,0,6,0,0,0,93,2.0,1.14,234.87,1.0,0.12,0.07
3646,50,30,3813,16006,1.425,26,0,3,0,3,0,0,0,92,1.0,1.36,247.58,1.08,0.13,0.05
3646,50,30,3805,20856,2.693,15,0,60,6,13,0,0,0,20,2.75,2.0,160.8,1.06,0.14,0.07
3646,50,30,3809,14601,1.688,40,0,22,5,0,0,0,0,72,1.11,1.22,241.28,1.05,0.26,0.05
3646,50,30,3816,15159,1.753,55,0,47,5,7,0,0,0,40,0.96,0.83,322.11,1.05,0.23,0.04
3646,50,30,3826,19162,1.067,32,0,9,3,0,0,0,0,87,1.46,0.78,373.09,1.01,0.22,0.06
3735,51,24,3822,14355,1.465,27,0,62,7,0,0,0,0,29,1.08,1.08,336.67,1.05,0.16,0.05
3735,51,24,3834,13630,1.543,55,0,89,1,3,0,0,0,5,1.5,0.77,277.98,1.09,0.25,0.04
3735,51,24,3839,10540,1.459,35,0,0,2,0,0,0,0,97,0.94,0.67,339.43,1.04,0.17,0.05
3735,51,24,3837,10370,1.435,53,0,0,1,1,0,0,0,96,0.89,0.96,403.96,1.04,0.19,0.04
3735,51,24,3843,10004,1.488,14,0,0,0,0,0,0,0,100,1.33,1.8,233.64,1.08,0.13,0.07
3735,51,24,3841,7592,1.425,26,0,0,0,0,0,0,0,100,2.25,1.0,386.77,0.98,0.17,0.06
3735,51,24,3844,5712,1.235,25,0,24,0,4,0,0,8,64,1.27,0.92,165.56,1.05,0.19,0.06
3735,51,24,3846,6768,1.306,35,0,31,14,5,0,0,0,48,1.5,0.94,226.6,1.04,0.2,0.05
3735,51,24,3854,12516,1.774,14,0,71,28,0,0,0,0,0,1.33,1.0,184.57,1.03,0.14,0.07
3735,51,24,3867,10126,1.47,22,0,0,0,18,0,0,0,81,1.75,1.2,182.86,1.07,0.14,0.05
3735,51,24,3852,13172,1.663,15,0,13,0,13,0,0,0,73,2.75,0.88,180.07,1.11,0.14,0.07
3735,51,24,3853,12760,1.648,29,0,13,10,24,0,0,0,51,1.9,1.9,239.76,1.08,0.18,0.05
3735,51,24,3858,14601,1.688,25,0,36,4,8,0,0,0,52,1.5,1.08,361.92,1.0,0.19,0.06
3735,51,24,3855,16587,1.763,18,5,72,0,0,0,0,0,22,0.8,2.0,305.78,1.14,0.17,0.08
3735,51,24,3856,13736,1.347,12,0,83,8,0,0,0,0,8,1.4,1.4,285.67,1.07,0.12,0.07
3735,51,24,3864,17271,1.693,6,50,0,0,0,0,0,0,50,1.0,1.0,429.0,1.21,0.06,0.08
3735,51,24,3869,18511,1.617,18,0,0,0,0,0,0,0,100,1.25,0.8,254.39,0.98,0.15,0.06
3735,51,24,3875,10455,1.447,19,0,0,10,15,0,0,0,73,1.71,1.11,459.74,1.01,0.16,0.06
3735,51,24,3873,9711,1.41,10,0,0,10,30,0,0,0,60,1.5,1.0,289.9,1.01,0.11,0.07
3735,51,24,3880,17487,2.31,22,0,18,18,13,0,0,0,50,1.2,1.2,148.32,1.0,0.18,0.06
3735,51,24,3882,8362,1.527,14,35,57,0,0,0,7,0,0,1.8,1.0,166.36,1.08,0.09,0.05
3735,51,24,3884,11253,1.301,10,50,50,0,0,0,0,0,0,9.0,0.67,279.4,1.17,0.1,0.07
3837,52,32,3902,59168,2.0,30,0,73,10,0,0,0,0,16,1.0,0.76,406.2,1.04,0.21,0.05
3837,52,32,3908,46020,1.469,35,0,11,5,0,0,0,0,82,0.75,0.59,773.17,1.01,0.17,0.04
3837,52,32,3900,51917,1.394,5,20,0,0,0,0,0,0,80,inf,4.0,204.6,1.14,0.03,0.05
3837,52,32,3920,13002,2.985,2,100,0,0,0,0,0,0,0,inf,0.0,478.0,1.03,0.01,0.05
3837,52,32,3905,66584,1.616,18,5,0,0,0,0,0,0,94,1.0,0.5,750.72,1.04,0.11,0.06
3837,52,32,3923,14450,2.0,4,0,0,0,0,0,0,0,100,0.33,0.33,951.25,1.19,0.04,0.1
3837,52,32,3932,22748,1.554,27,0,18,3,0,0,0,0,77,1.25,1.25,932.44,1.06,0.2,0.06
3837,52,32,3931,23640,1.642,37,0,2,10,67,0,0,0,18,1.64,0.95,222.95,1.0,0.16,0.04
3837,52,32,3927,16920,1.915,42,0,7,4,50,0,0,0,38,1.33,1.1,224.86,1.04,0.18,0.04
3837,52,32,3921,16104,2.08,0,0,0,0,0,0,0,0,0,0.0,0.0,0.0,0.0,0.0,0.0
3837,52,32,3933,20748,1.6,0,0,0,0,0,0,0,0,0,0.0,0.0,0.0,0.0,0.0,0.0
3837,52,32,3929,20757,1.68,0,0,0,0,0,0,0,0,0,0.0,0.0,0.0,0.0,0.0,0.0
3837,52,32,3940,16560,1.957,13,0,0,0,0,0,0,0,100,1.6,0.86,220.23,1.0,0.11,0.06
3837,52,32,3959,18156,2.292,44,0,56,9,25,0,0,0,9,1.32,0.83,358.98,1.1,0.2,0.05
3837,52,32,3962,17835,2.356,18,0,83,5,11,0,0,0,0,0.64,0.64,303.33,1.12,0.17,0.07
3837,52,32,3951,19470,1.398,27,0,7,0,25,0,0,0,66,1.08,1.08,145.81,1.0,0.18,0.05
3837,52,32,3960,23736,1.426,29,0,89,0,6,0,0,0,3,1.23,1.23,373.52,1.1,0.2,0.06
3837,52,32,3967,17266,2.18,15,0,6,0,6,0,0,0,86,1.5,1.5,213.93,1.02,0.11,0.07
3837,52,32,3953,22663,1.321,16,0,0,6,0,0,0,0,93,0.78,1.0,233.12,1.09,0.12,0.07
3837,52,32,3964,24705,1.356,36,2,16,11,30,0,0,0,38,0.89,1.25,319.36,0.99,0.22,0.05
3837,52,32,3977,21590,1.339,24,0,16,0,4,0,0,0,79,0.85,1.0,513.38,1.02,0.16,0.06
3837,52,32,3970,23310,1.468,28,0,3,10,3,0,0,0,82,0.87,1.55,379.71,1.1,0.16,0.05
3837,52,32,3974,35742,1.379,28,0,3,0,3,0,0,0,92,1.0,0.75,569.43,1.0,0.17,0.05
3837,52,32,3978,11218,1.797,20,0,5,5,0,0,0,0,90,1.5,0.67,304.45,1.01,0.15,0.06
3837,52,32,3979,13038,1.939,39,0,0,2,0,0,0,0,97,1.17,0.77,350.69,1.02,0.17,0.05
3837,52,32,3982,14784,2.095,44,0,20,2,0,0,0,0,77,1.75,1.75,370.36,1.08,0.16,0.04
3837,52,32,3987,10164,1.714,26,3,42,0,0,0,0,0,53,0.62,1.36,470.92,1.14,0.12,0.05
3837,52,32,3985,10152,1.958,5,80,0,0,0,0,20,0,0,4.0,0.0,206.4,1.18,0.03,0.06
3837,52,32,3988,9636,1.808,15,0,53,20,0,0,0,0,26,1.14,0.88,163.0,1.15,0.14,0.07
3837,52,32,3986,9576,1.847,40,0,42,15,5,0,0,0,37,1.35,1.0,380.3,1.06,0.19,0.04
3837,52,32,3996,9956,1.724,22,4,54,13,22,0,0,0,4,1.2,0.83,219.18,1.17,0.16,0.06
3909,53,31,3993,11480,1.707,13,0,15,7,0,0,0,0,76,1.6,0.44,364.31,1.0,0.12,0.08
3909,53,31,3995,26445,1.589,29,0,0,6,0,0,0,0,93,2.22,1.07,440.38,1.05,0.18,0.05
3909,53,31,3998,22672,2.096,19,0,5,5,0,0,0,0,89,1.71,0.73,265.16,1.09,0.14,0.06
3909,53,31,3997,15921,2.103,28,0,3,3,0,0,0,0,92,2.11,0.87,230.96,1.08,0.13,0.05
3909,53,31,4004,13366,1.988,27,0,0,0,0,0,0,0,100,0.69,1.25,494.78,1.03,0.2,0.06
3909,53,31,4000,12160,1.9,21,0,4,0,0,0,0,0,95,2.0,1.62,422.14,1.09,0.16,0.06
3909,53,31,4006,11856,1.949,22,0,40,0,13,0,0,0,45,1.44,2.14,104.77,1.1,0.17,0.06
3909,53,31,4008,12768,1.81,9,0,0,0,11,0,0,0,88,2.0,1.25,354.44,1.05,0.08,0.07
3909,53,31,4021,12798,1.951,18,0,11,0,5,0,0,0,83,1.0,0.5,285.56,1.07,0.12,0.05
3909,53,31,4015,12710,1.89,20,0,0,0,0,0,0,0,100,1.86,1.0,316.4,1.03,0.14,0.06
3909,53,31,4029,12616,2.184,28,0,35,0,0,0,0,0,64,1.55,0.87,324.71,1.11,0.21,0.06
3909,53,31,4031,12768,1.81,25,0,48,0,0,0,0,0,52,1.27,0.92,500.96,1.05,0.18,0.06
3909,53,31,4036,24180,1.573,5,40,60,0,0,0,0,0,0,inf,4.0,480.8,1.09,0.02,0.06
3909,53,31,4032,23780,1.767,27,0,7,3,3,0,0,0,85,1.45,1.08,259.78,1.11,0.15,0.05
3909,53,31,4049,14195,1.965,28,0,50,0,0,0,0,0,50,1.55,1.55,421.96,1.08,0.15,0.05
3909,53,31,4047,13527,2.062,47,2,36,0,0,0,0,0,61,1.61,0.96,343.45,1.05,0.17,0.04
3909,53,31,4041,19448,1.798,48,0,56,4,0,0,0,0,39,0.66,1.4,362.04,1.05,0.21,0.04
3909,53,31,4058,15134,1.713,29,3,82,0,0,0,0,0,13,2.22,0.71,204.45,1.02,0.18,0.05
3909,53,31,4054,26814,1.772,18,0,33,0,0,0,0,0,66,1.25,1.0,317.89,1.16,0.15,0.07
3909,53,31,4050,13851,2.111,34,14,41,0,0,0,0,0,44,1.27,1.0,545.62,1.07,0.18,0.05
3909,53,31,4044,15048,1.943,13,15,69,0,0,0,0,0,15,0.44,2.25,268.23,1.09,0.08,0.05
3909,53,31,4059,9514,2.119,26,3,11,0,0,0,0,0,84,1.0,1.0,436.31,1.08,0.14,0.05
3909,53,31,4061,22064,1.759,17,0,5,0,0,0,0,0,94,1.83,0.7,356.35,1.07,0.15,0.07
3909,53,31,4080,50787,1.737,16,0,0,0,0,0,0,0,100,1.67,2.2,645.94,1.06,0.14,0.07
3909,53,31,4074,56800,2.219,15,0,0,0,0,0,0,0,100,0.5,1.14,339.33,0.99,0.11,0.06
3909,53,31,4079,62988,2.08,16,0,0,0,0,0,0,0,100,3.0,3.0,480.31,1.0,0.13,0.06
3909,53,31,4073,68262,1.973,9,11,0,0,0,0,0,0,88,0.5,0.8,279.11,1.18,0.07,0.08
3909,53,31,4083,64979,1.983,38,0,7,2,0,0,0,0,89,1.24,1.24,549.87,1.08,0.16,0.05
3909,53,31,4085,13588,2.177,18,0,27,0,0,0,0,0,72,1.25,0.12,1014.89,1.18,0.09,0.05
3992,54,32,4092,10336,1.789,33,0,69,6,3,0,0,0,21,1.75,0.94,149.91,1.04,0.17,0.05
3992,54,32,4089,9548,1.61,15,0,0,0,0,0,0,0,100,0.88,0.88,174.4,1.1,0.14,0.07
3992,54,32,4105,6105,2.018,12,0,0,0,0,0,0,0,100,0.5,1.0,139.33,0.92,0.09,0.06
3992,54,32,4090,10668,1.512,23,0,0,0,0,0,0,0,100,1.56,1.3,201.96,1.06,0.09,0.05
3992,54,32,4108,11438,1.55,0,0,0,0,0,0,0,0,0,0.0,0.0,0.0,0.0,0.0,0.0
3992,54,32,4104,15399,2.034,29,0,0,0,0,0,0,0,100,0.81,0.71,220.21,1.08,0.16,0.05
3992,54,32,4107,18718,1.949,21,0,0,4,4,0,0,0,90,2.5,0.91,356.95,1.11,0.14,0.05
3992,54,32,4116,12240,1.913,13,0,0,0,0,0,0,0,100,3.33,0.86,144.23,1.11,0.09,0.06
3992,54,32,4110,13188,1.869,40,0,5,5,5,0,0,0,85,1.67,1.35,172.72,1.07,0.17,0.04
3992,54,32,4120,14534,1.965,25,0,0,0,0,0,0,0,100,1.78,0.39,574.8,1.05,0.16,0.05
3992,54,32,4131,13356,1.893,4,0,50,0,0,0,0,0,50,0.33,0.33,294.75,1.01,0.04,0.08
3992,54,32,4117,15824,1.87,3,0,0,0,0,0,0,0,100,2.0,0.0,250.33,0.98,0.03,0.09
3992,54,32,4149,16198,2.045,19,0,0,0,0,0,0,0,100,3.75,1.71,368.42,1.1,0.14,0.06
3992,54,32,4133,10224,1.972,34,0,0,2,0,0,0,0,97,2.09,1.0,242.97,1.0,0.12,0.04
3992,54,32,4130,12231,1.864,17,0,0,0,0,0,0,0,100,1.12,0.42,225.29,1.02,0.12,0.06
3992,54,32,4151,16055,1.779,27,0,0,3,18,0,0,0,77,0.59,1.25,189.52,1.1,0.12,0.04
3992,54,32,4135,17500,1.75,27,0,0,3,3,0,0,0,92,2.0,2.0,357.44,1.05,0.13,0.05
3992,54,32,4140,14022,2.085,22,0,0,0,13,0,0,0,86,2.67,1.0,273.23,1.09,0.12,0.06
3992,54,32,4144,6208,1.516,26,7,65,0,0,0,0,0,26,1.6,1.0,290.42,1.13,0.15,0.05
3992,54,32,4175,16192,1.913,28,0,7,0,3,0,0,0,89,0.87,1.33,276.86,1.12,0.16,0.05
3992,54,32,4178,7821,0.798,18,0,5,22,16,0,0,0,55,1.0,1.0,181.06,1.12,0.19,0.07
3992,54,32,4177,7644,0.796,17,0,0,0,0,0,0,0,100,3.25,1.12,434.24,1.12,0.13,0.06
3992,54,32,4182,6699,0.885,19,0,0,0,0,0,0,0,100,1.38,0.73,417.05,1.09,0.19,0.07
3992,54,32,4186,5832,1.125,25,0,0,4,4,0,0,0,92,3.17,0.92,518.12,1.09,0.12,0.05
3992,54,32,4190,22311,1.811,46,0,2,2,10,0,0,0,84,1.0,1.42,275.54,1.08,0.21,0.04
4088,55,32,4196,25970,2.311,25,0,0,0,0,0,0,0,100,1.27,0.92,274.6,1.05,0.16,0.06
4088,55,32,4210,26108,2.28,15,0,0,0,0,0,0,0,100,2.0,0.67,231.13,1.05,0.15,0.07
4088,55,32,4211,13524,1.917,19,0,0,0,0,0,0,0,100,1.11,1.11,477.95,1.04,0.14,0.06
4088,55,32,4222,13685,1.894,15,0,0,0,0,0,0,0,100,1.14,1.14,398.07,1.08,0.12,0.06
4088,55,32,4213,14027,2.036,19,0,5,0,5,0,0,5,84,1.11,1.38,336.53,1.07,0.18,0.07
4088,55,32,4214,20592,1.904,32,0,3,3,3,0,0,0,90,1.91,1.29,234.53,1.08,0.14,0.04
4088,55,32,4219,21060,1.806,24,0,0,0,0,0,0,0,100,1.67,0.85,355.25,1.08,0.16,0.06
4088,55,32,4223,19897,1.95,40,0,0,2,2,0,0,0,95,1.35,1.35,469.85,1.07,0.21,0.05
4088,55,32,4224,14725,1.632,40,0,5,0,12,0,0,0,82,1.67,1.35,267.68,1.08,0.19,0.05
4088,55,32,4226,21582,1.817,26,3,0,3,0,0,0,0,92,1.6,1.6,422.65,1.02,0.16,0.05
4088,55,32,4228,12089,2.039,18,0,0,0,0,0,0,0,100,0.8,0.8,320.5,1.06,0.14,0.06
4088,55,32,4229,15200,1.684,23,0,0,0,0,0,0,0,100,1.3,1.3,287.65,1.05,0.16,0.06
4088,55,32,4245,14896,1.551,1,0,0,0,0,0,0,0,100,0.0,inf,360.0,1.11,0.01,0.0
4088,55,32,4237,24717,2.159,15,0,0,0,0,0,0,0,100,2.0,1.14,305.93,1.1,0.13,0.07
4088,55,32,4234,10725,2.538,15,0,0,0,0,0,0,0,100,2.0,0.88,395.6,1.06,0.15,0.07
4088,55,32,4240,12922,2.563,16,0,0,0,0,0,0,0,100,2.2,0.78,314.69,1.17,0.14,0.07
4088,55,32,4248,14168,2.39,20,0,5,0,0,0,0,0,95,1.0,0.67,343.4,1.03,0.14,0.07
4088,55,32,4241,8961,1.184,41,0,0,2,2,0,0,0,95,3.1,0.95,169.61,1.11,0.12,0.04
4088,55,32,4249,17336,2.239,14,0,0,0,50,0,0,0,50,1.0,0.75,233.93,1.08,0.14,0.07
4088,55,32,4261,21631,2.299,27,0,3,3,33,0,0,0,59,0.8,1.25,341.96,1.09,0.17,0.05
4088,55,32,4256,19530,2.411,27,0,3,7,11,0,0,0,77,1.7,1.08,243.93,1.02,0.15,0.05
4088,55,32,4263,20384,2.122,26,0,0,3,26,0,0,0,69,1.0,1.0,268.0,1.11,0.18,0.06
4088,55,32,4266,24780,2.248,45,0,0,0,26,0,0,0,73,1.5,1.14,434.93,1.02,0.2,0.05
4088,55,32,4269,13035,2.089,31,0,3,3,48,0,0,0,45,1.82,1.38,406.16,1.07,0.16,0.05
4088,55,32,4278,29526,2.272,14,0,0,0,0,0,0,0,100,2.5,1.33,301.07,1.07,0.14,0.07
4088,55,32,4277,14060,1.558,28,0,0,3,7,0,0,0,89,1.0,1.0,276.21,1.06,0.16,0.05
4088,55,32,4285,8307,1.648,26,0,3,0,0,0,0,0,96,1.17,1.36,152.81,1.1,0.18,0.06
4111,56,10,4287,8064,1.556,46,0,4,8,21,0,0,2,63,1.56,0.92,213.91,1.11,0.22,0.05
4111,56,10,4290,10507,1.684,37,0,0,0,0,0,0,0,100,0.85,0.76,571.92,1.06,0.19,0.05
4111,56,10,4294,11088,1.571,57,0,0,1,3,0,0,0,94,1.11,1.04,1027.93,1.01,0.24,0.04
4111,56,10,4300,10680,1.348,22,0,18,9,36,0,0,0,36,1.44,0.69,628.05,1.09,0.2,0.06
4111,56,10,4301,11656,1.319,19,0,0,0,5,0,0,5,89,1.71,0.9,556.68,1.13,0.17,0.07
4111,56,10,4298,47520,1.745,38,0,2,2,2,0,0,0,92,1.38,1.53,1029.53,0.98,0.21,0.05
4111,56,10,4303,15134,1.713,32,0,0,0,3,0,0,0,96,1.67,0.88,731.03,0.97,0.2,0.06
4111,56,10,4297,15040,1.702,17,0,0,0,0,0,0,0,100,1.12,1.43,286.88,0.97,0.12,0.06
4111,56,10,4304,14880,1.615,13,0,0,0,0,0,0,0,100,1.17,1.17,871.69,0.95,0.17,0.09
4185,57,35,4317,35092,2.282,11,0,0,18,0,0,0,0,81,0.83,1.75,241.18,1.04,0.12,0.07
4185,57,35,4323,37400,2.022,2,0,0,0,0,0,0,0,100,0.0,inf,443.0,0.99,0.02,0.08
4185,57,35,4321,42476,1.939,15,0,0,0,6,0,0,0,93,2.0,1.5,486.53,0.96,0.14,0.07
4185,57,35,4319,44104,1.987,46,0,0,0,6,0,0,0,93,1.19,1.09,587.59,0.99,0.19,0.04
4185,57,35,4325,13776,2.049,40,0,0,0,0,0,0,0,100,1.11,1.67,526.95,1.03,0.18,0.05
4185,57,35,4329,7176,1.507,25,0,0,0,0,0,0,0,100,1.08,0.92,731.6,1.0,0.15,0.06
4185,57,35,4331,57904,1.869,29,0,3,0,0,0,0,0,96,0.93,0.81,880.24,0.94,0.18,0.05
4185,57,35,4330,16758,1.745,14,0,0,0,0,0,0,0,100,3.67,1.0,572.79,1.04,0.13,0.06
4185,57,35,4324,17388,2.054,22,0,36,0,0,0,0,4,59,1.44,1.0,179.14,1.02,0.16,0.06
4185,57,35,4336,11480,2.343,24,0,25,8,0,0,0,0,66,1.4,0.41,173.58,1.01,0.15,0.05
4185,57,35,4328,10608,2.294,25,4,4,0,4,0,0,4,84,1.5,0.92,302.56,0.98,0.17,0.05
4185,57,35,4334,9702,2.444,16,6,0,6,0,0,0,0,87,7.0,0.78,307.88,1.02,0.1,0.05
4185,57,35,4338,10400,2.462,16,0,0,0,0,0,0,0,100,1.0,2.2,488.44,0.98,0.17,0.07
4185,57,35,4337,11592,2.435,11,0,0,0,9,0,0,0,90,4.5,0.57,341.18,1.05,0.1,0.07
4185,57,35,4340,11715,2.324,21,4,0,0,0,0,0,0,95,2.0,0.91,343.86,0.97,0.14,0.05
4185,57,35,4355,12954,1.245,16,0,0,0,0,0,0,0,100,0.78,1.29,291.94,1.02,0.16,0.07
4185,57,35,4360,9711,1.41,16,0,0,0,0,0,0,0,100,0.6,0.6,225.69,0.99,0.1,0.06
4185,57,35,4343,14784,1.909,22,0,0,0,4,0,0,0,95,2.67,2.14,241.14,0.98,0.08,0.04
4185,57,35,4352,14432,2.146,21,0,0,0,0,0,0,0,100,1.1,0.91,127.14,1.07,0.14,0.05
4185,57,35,4359,21924,1.88,22,0,0,4,9,0,0,0,86,1.75,1.0,245.27,0.99,0.12,0.05
4185,57,35,4388,21828,1.907,23,4,13,39,13,0,0,0,30,1.3,0.77,306.17,1.05,0.18,0.07
4185,57,35,4390,8395,1.575,18,0,0,16,38,0,0,0,44,1.57,0.8,401.56,1.03,0.14,0.06
4185,57,35,4386,18528,2.01,10,0,0,0,0,0,0,0,100,1.0,0.43,165.9,1.09,0.08,0.06
4185,57,35,4377,24198,2.037,17,0,0,0,0,0,0,0,100,0.89,0.89,191.82,0.99,0.11,0.06
4185,57,35,4374,24852,2.092,19,0,0,0,0,0,0,0,100,1.11,0.46,329.26,1.07,0.14,0.06
4210,58,10,4387,25415,1.922,25,0,0,0,4,0,0,0,96,1.27,1.78,206.2,1.0,0.13,0.05
4210,58,10,4389,22422,1.82,19,0,0,0,0,0,0,0,100,0.9,0.58,361.11,0.9,0.18,0.07
4210,58,10,4381,21840,1.741,26,0,0,3,3,0,0,0,92,2.25,1.0,250.88,1.04,0.13,0.05
4210,58,10,4392,23754,1.928,12,0,0,0,0,0,0,0,100,0.71,0.71,586.08,0.96,0.11,0.07
4210,58,10,4398,34250,2.192,21,0,0,0,0,0,0,0,100,1.1,1.62,564.43,0.94,0.15,0.06
4210,58,10,4410,8970,1.884,3,66,0,0,0,0,0,0,33,inf,0.5,313.0,1.1,0.02,0.06
4210,58,10,4413,17955,1.989,21,0,0,4,9,0,0,0,85,0.75,0.91,475.57,0.94,0.16,0.07
4210,58,10,4397,18818,2.0,9,0,0,11,0,0,0,0,88,0.8,2.0,335.56,1.06,0.1,0.1
